Actual_Rainfall,Predicted_Rainfall
2960.4999999999995,2918.0796
2365.8,2891.2556
2957.8,2753.859
2741.3,2758.9863
2937.4999999999995,2738.3826
2612.4000000000005,2766.943
3275.0000000000005,2727.9893
2352.1,2817.357
2943.200000000001,2713.3855
2606.4,2732.202
3554.2,2695.3918
3079.5955034680696,2855.7388
2349.6348575532675,2919.421
2480.5,2794.269
3282.200000000001,2694.3584
2442.9,2783.272
2998.3,2714.217
2926.6,2744.7314
3075.1000000000013,2779.5662
2357.7000000000007,2832.0222
1771.2257592275105,2729.6538
2987.5000000000005,2492.6357
3722.7999999999997,2535.8774
3154.0000000000005,2785.6729
3081.781711690175,2896.0022
3591.1,2936.3027
3264.3999999999996,3072.5579
2782.5,3113.666
3007.5,3031.604
2898.200000000001,2993.935
1420.6494849020075,2954.4944
2791.6000000000013,2623.3242
3092.1118631906243,2579.7183
3489.5999999999995,2653.865
2422.2000000000007,2831.0247
3275.1,2760.527
3079.9,2838.3828
2722.0,2883.2356
3449.0,2843.4985
3349.6000000000013,2948.6494
3079.9,3033.4912
2507.2,3055.516
2807.4,2923.7136
3343.4,2858.5925
3025.1,2927.138
3938.1999999999994,2948.489
2959.7,3144.5376
2981.700000000001,3114.0847
3054.8,3067.6477
3163.9000000000005,3032.3245
2701.2000000000007,3032.5168
3216.599999999999,2943.4116
2762.8,2975.1514
2619.2000000000007,2917.3472
3370.9000000000005,2824.994
2998.700000000001,2908.9346
3323.1000000000013,2914.3274
2990.9999999999995,2989.4456
2962.1000000000013,2984.013
3085.5999999999995,2960.9124
3275.9999999999995,2964.028
2388.2,3016.184
2712.4,2870.8555
1849.3,2800.4639
3625.3,2576.6646
3074.7,2736.2627
2384.5,2819.1147
2792.5000000000005,2726.1055
2820.3,2710.753
2630.8,2714.7783
2187.9,2681.6965
2763.9,2556.144
3323.1000000000013,2569.0635
2533.7000000000007,2716.228
2183.2,2700.733
2535.6,2568.495
2098.6,2523.526
2237.4,2419.0496
3263.1000000000013,2348.9807
3115.4999999999995,2513.4429
2996.9,2660.538
2755.1,2753.1826
2846.4,2756.1453
2699.7,2756.5422
2763.1,2733.99
3080.8,2727.8005
2620.1,2788.0938
2355.7000000000007,2755.544
2460.0000000000005,2657.7595
2954.5,2579.2815
2404.7,2627.6404
2748.2000000000007,2575.7659
3374.8999999999996,2592.128
2538.6,2746.449
3157.1000000000004,2717.3403
3828.000000000002,2793.6157
3497.6000000000004,3009.0537
3757.7000000000003,3133.8816
2622.5,3275.6309
2904.5,3138.7534
2851.9,3048.7444
2890.0,2976.9297
3519.0040352421347,2929.1465
3626.3955034680707,3025.0513
5486.3,3156.4983
4693.9000000000015,3669.308
4106.7,3920.9001
5691.4,3956.161
4187.2,4311.043
3507.5,4266.272
4450.5,4053.8254
4439.8,4082.1357
3521.6,4121.977
5253.200000000002,3948.7317
5272.700000000002,4185.183
4320.1,4385.424
4334.299999999998,4328.7344
4872.099999999999,4274.0073
4850.899999999999,4334.179
3773.4,4399.1924
4575.6,4212.907
4173.499999999999,4224.0415
4788.700000000002,4155.5024
3375.1000000000004,4248.802
6129.100000000001,3998.2202
3898.6,4404.278
4099.5,4257.613
4220.2,4162.8643
3828.299999999999,4106.591
4326.6,3982.7676
3904.3,4005.353
3649.2,3933.1025
4011.2,3820.3958
4369.099999999999,3802.1355
6331.099999999999,3891.73
4874.8,4392.899
2621.247704447633,4486.823
3354.3,4027.16
2396.1,3786.909
2675.714712918661,3412.3848
3843.93764920706,3165.7297
5063.5,3244.442
4195.5,3629.768
3709.400000000001,3767.846
3676.5,3734.7385
4810.825542419168,3659.1106
4138.0,3861.4126
4959.299999999998,3914.6648
2196.8,4118.6104
2209.7000000000007,3683.5164
1668.4999999999998,3292.7922
2138.9,2857.1018
1877.8,2593.617
1973.4,2373.8271
2184.600000000001,2232.5833
2281.3,2177.7058
2457.6,2160.0405
3064.0,2200.4622
2213.4,2359.675
2419.6,2363.204
3774.4,2370.7734
2531.0,2665.1094
2773.7,2679.3137
3215.4000000000005,2699.6294
2790.8,2803.7173
2779.4,2807.9783
3335.1,2793.1045
3278.0999999999995,2892.8813
3266.4,2971.8816
2495.6,3039.105
3433.2999999999993,2921.1023
4155.4,2984.7224
3281.7,3233.6274
3604.1,3260.6401
3434.500000000001,3318.0151
2706.8,3330.3027
3348.9,3177.6514
2287.3,3167.03
3068.8,2954.308
2520.6,2924.9214
2274.9,2821.304
3616.6999999999994,2668.8257
2316.7000000000007,2815.6362
2596.9000000000005,2718.732
2035.9,2658.8315
2389.3,2500.435
2451.7,2437.7913
2545.8,2409.7795
2335.5,2428.347
2259.399999999999,2397.8518
3020.6000000000013,2356.7498
2244.4999999999995,2480.199
1750.0,2433.0515
2855.5999999999995,2282.0488
2193.5999999999995,2358.8901
3440.4999999999995,2335.1333
2042.9000000000003,2553.7102
2403.0999999999995,2478.456
2767.5,2441.339
2706.8,2492.9602
2745.5,2539.2332
2498.7,2575.6936
2952.1000000000013,2560.9324
2544.600000000001,2637.6096
2664.2000000000007,2615.401
2790.700000000001,2616.2224
2663.2,2631.519
2521.3,2637.6467
2277.8,2604.251
2377.0,2517.242
2887.3,2460.474
3096.1000000000013,2526.348
2743.4,2648.9666
2760.4999999999995,2676.8088
2343.9,2690.7979
3165.2000000000003,2608.4316
2601.0000000000005,2696.9592
2520.0,2679.2317
3106.8,2633.6272
2344.0999999999995,2716.265
2623.7000000000007,2642.1035
2999.5,2611.279
2262.0000000000005,2670.4348
2440.4,2584.154
2691.6,2527.4326
2550.4999999999995,2542.5347
2511.5999999999995,2529.5752
2792.9,2515.1487
2634.1,2560.9692
2953.8,2568.5278
2550.8,2644.5352
2800.1,2626.479
2888.6000000000013,2645.0378
2339.1,2692.1125
3074.800000000001,2616.1492
2678.5,2686.3918
2671.3,2685.1313
2324.600000000001,2672.3237
2786.5,2583.886
2401.5000000000005,2598.937
2451.7,2545.2056
2709.4,2507.3774
2677.100000000001,2529.3953
2703.8,2551.286
2524.4,2580.7688
2665.7,2558.468
2679.5000000000005,2566.76
2643.2000000000007,2580.2246
3185.5000000000005,2588.2249
2983.3,2701.6953
2392.4,2771.7092
2613.9,2694.4705
2851.2999999999997,2651.1772
2560.0,2671.8254
2859.200000000001,2639.2744
2761.200000000001,2669.8113
2802.9000000000005,2681.8005
2256.9999999999995,2697.6702
2626.5,2597.019
2535.7,2567.9597
2342.2000000000007,2541.473
2195.4,2488.1257
2296.0,2406.9678
2511.7,2355.8035
2729.7000000000007,2369.2007
2398.9,2434.3535
2789.3,2429.581
2123.3,2492.9094
2530.8,2422.4712
2332.3,2420.8154
3048.5,2392.208
2315.1,2516.177
2379.100000000001,2490.8406
2672.1,2456.5454
3403.6,2484.164
2270.6,2670.0708
1956.0,2611.109
2616.7,2454.0925
2011.8,2451.526
2188.4,2348.3218
2289.2,2288.8696
2079.3,2261.8718
2382.3,2214.8145
2620.2,2232.7046
3156.899999999999,2305.9722
2801.700000000001,2480.8792
2592.7,2577.3826
2921.6000000000013,2595.247
3261.700000000001,2654.141
2682.3,2786.6797
2771.200000000001,2777.7024
2838.0,2765.738
2259.7,2770.277
2879.2,2652.6562
2121.3,2666.6829
2885.9999999999995,2537.5312
2466.8,2575.562
2372.2000000000007,2548.7932
2803.1000000000013,2494.4802
2594.1,2532.0796
2486.8,2542.1384
2178.6,2521.304
2392.6,2434.4448
2434.2000000000007,2403.2017
2994.2,2389.1616
2468.2000000000007,2508.5652
1898.7,2508.4124
2752.7,2376.6562
2339.6,2420.606
2068.2,2398.326
2711.4,2318.261
1743.5000000000002,2375.23
2609.4,2251.5432
1816.5,2292.6658
2206.2,2195.0215
2471.0,2164.5928
2266.7,2214.365
2711.600000000001,2234.1526
2168.3,2324.9182
2174.9,2305.1404
2230.9,2271.2715
2519.600000000001,2243.8945
2527.5,2295.086
2514.5,2341.5762
2121.8,2386.3271
2319.2000000000007,2333.7766
2308.8,2311.5696
2268.1,2299.8704
2479.800000000001,2279.7744
2308.9,2312.9116
2613.1,2313.0178
2529.100000000001,2369.046
2819.9,2403.584
2554.9,2488.2944
2222.2000000000007,2508.9414
3013.200000000001,2448.8865
2048.1,2546.254
2375.7,2452.1558
2638.2,2412.312
2462.7000000000007,2440.673
2685.5,2443.4756
2701.7,2484.1753
2447.4,2527.9973
2463.2,2507.1614
2887.3,2485.361
2472.4,2558.1814
2859.4000000000005,2537.5803
2487.4,2598.236
2461.2,2575.8743
2761.8,2536.8455
2451.8,2566.9907
3040.800000000001,2536.2783
2543.3,2625.241
2917.2,2614.6729
2741.7,2667.3179
2971.7,2677.047
2608.4,2731.6755
2526.9,2700.2305
2966.1,2649.0737
2680.8,2695.4746
2427.9999999999995,2686.179
2877.2,2621.9106
3051.8,2647.463
3036.1,2726.6575
3210.4999999999995,2790.9531
2821.9999999999995,2878.5295
2976.3,2864.6182
2422.9,2874.082
2609.4,2767.4944
2810.9,2699.4475
2661.7,2697.536
2904.9999999999995,2679.6382
2865.3,2709.4697
3022.7,2731.8086
2303.9,2782.266
1968.5000000000002,2673.5588
2327.6,2496.7537
1800.0,2413.0999
1901.2,2263.1458
1822.5,2149.507
2970.0,2048.3232
2328.8,2207.0964
2031.0,2253.6494
2478.7,2209.5173
2230.0,2243.557
2109.9999999999995,2242.6492
3610.1,2212.7585
4316.3,2489.329
3080.9,2927.8577
1353.9,3025.0967
2106.1,2688.7075
2329.600000000001,2489.8027
2209.8,2406.1782
2651.3,2343.424
2358.5999999999995,2385.359
2150.6,2382.9744
1749.1999999999994,2331.1113
2304.9,2181.4338
2072.3,2151.2864
2027.5,2119.752
2588.0999999999995,2101.5273
2454.0,2190.3796
2105.3,2255.9385
2342.2,2234.263
2361.2,2241.9814
2820.200000000001,2261.4163
2359.100000000001,2375.9246
2582.2,2393.3755
2851.9000000000005,2428.1033
2221.5,2517.5818
2881.700000000001,2467.4866
1712.4999999999998,2533.2944
2340.1,2367.0586
2194.6,2324.7097
2212.100000000001,2279.818
2225.4000000000005,2249.8677
2232.9,2227.1572
2363.9,2218.5479
2149.2,2237.661
2242.4,2212.368
2162.3,2209.8896
2353.7000000000007,2186.828
1836.6999999999998,2218.0442
1872.2,2138.471
2538.3,2063.348
1748.9,2137.9216
1737.7,2069.2793
2295.2,1983.5403
1892.1999999999998,2020.5256
1923.000000000001,1998.6619
1557.1,1973.9762
1599.9,1880.877
1922.2000000000005,1797.2289
1956.4,1802.2305
2805.3,1832.2104
2113.100000000001,2027.9996
3180.3,2089.5398
2404.3,2327.7388
2169.9,2381.9546
3004.9999999999995,2347.857
2617.9,2472.4084
2530.0,2523.989
1988.2,2533.2861
2670.2000000000007,2416.768
3046.0999999999995,2441.254
3194.1000000000013,2556.8198
2793.7,2707.899
2934.9,2735.0134
2414.300000000001,2774.765
2504.9999999999995,2697.318
3476.8,2626.2979
2841.8,2780.8083
2981.7,2807.604
2544.4,2844.8586
2884.1,2772.7095
3513.3,2766.8838
3001.7,2905.5195
2488.9,2934.19
2950.8,2830.118
2886.5000000000005,2827.638
2637.600000000001,2825.357
2732.2000000000007,2763.4692
2869.0000000000005,2733.74
2931.3,2741.0613
2184.2000000000007,2771.7576
2876.3999999999987,2639.564
2715.6,2645.6648
2514.1,2646.6055
2612.9000000000005,2610.7402
2785.1000000000013,2590.0261
2660.3,2613.6943
2568.3,2617.0825
3249.2000000000016,2595.7466
2591.0000000000005,2715.7915
2320.2,2695.7002
2717.9,2609.1113
2365.3,2600.3196
2917.6000000000013,2537.201
2583.2,2595.7136
2755.4000000000005,2592.1406
2768.4,2613.9487
2534.2,2639.0376
2936.5,2611.2615
3287.5999999999995,2656.6155
2762.6,2787.6243
2683.2,2795.6423
3270.9,2760.4072
2594.0,2852.034
3055.7,2795.0735
2992.8,2829.7878
2885.4,2854.4033
2225.5,2850.947
2820.2,2707.8203
2580.2,2690.3787
2610.4,2644.4705
2304.2,2618.3342
2521.8,2536.9421
2604.8,2501.479
2981.5,2507.3286
2762.7999999999997,2592.5662
2515.4000000000005,2630.4436
2860.5,2601.4941
3378.7999999999997,2644.3025
2424.8,2791.6362
2702.2,2728.2104
3226.9,2701.3252
2414.600000000001,2797.1372
2804.6000000000013,2720.1829
3341.5000000000005,2713.5156
2663.8,2827.9028
2793.9999999999995,2798.8945
2906.4000000000005,2783.3157
2377.9000000000005,2790.375
2511.7,2684.9976
3148.6,2622.4705
2969.3,2707.6375
2337.5,2759.246
2838.7,2672.9375
2748.4,2678.8428
3037.9,2674.2817
2365.4,2739.8235
3185.499999999999,2659.1978
3141.5000000000005,2742.131
2854.5999999999995,2830.5557
3565.4000000000005,2839.1348
3072.200000000001,2977.1296
2358.9,3001.6106
2895.9,2860.3645
2127.1,2827.4753
3557.7,2659.431
2800.200000000001,2802.9048
2551.4000000000005,2815.8628
3655.1999999999994,2746.0908
3323.3,2910.66
2908.1,3009.0732
2612.600000000001,2981.1555
2546.9,2882.4202
2723.0,2784.5347
2714.8,2736.8647
2807.7,2716.435
2262.100000000001,2709.1826
2638.7000000000007,2603.7537
2689.8,2582.3718
2324.7,2577.9236
2612.5,2509.3882
2418.8,2506.8176
2632.3,2478.0615
2406.1,2495.4438
2322.5000000000005,2468.549
2518.5,2422.8713
2624.8,2422.016
2684.8,2457.9846
1487.7,2501.0125
1347.6,2291.6008
1354.3,2053.5576
1383.0999999999997,1850.7733
1667.0,1704.5535
1395.5000000000002,1653.8898
1337.1,1586.7162
1399.8000000000006,1517.437
1697.7,1470.2434
1385.9,1495.5463
1264.9,1472.965
1347.4,1432.3341
1826.8,1407.4807
1383.8000000000006,1484.8708
1310.3,1486.3505
1600.5,1451.1232
1775.6999999999998,1473.681
1395.3,1540.895
1482.3,1530.5552
1363.4999999999998,1516.877
1300.2,1485.9532
1655.7,1444.6134
1285.2000000000005,1476.7604
1266.4999999999998,1444.2467
1273.7,1404.8315
1705.2,1371.3783
1190.6999999999996,1426.6913
1625.0,1393.2766
1557.4,1432.996
1380.999999999999,1467.9884
1475.7,1462.1827
1306.8000000000004,1465.6855
1867.0999999999997,1433.6458
1117.6,1514.161
1015.1,1459.4543
1505.7,1361.7521
1522.5000000000002,1361.1218
1337.8,1397.3986
1698.5,1393.7043
1358.6999999999996,1453.1868
1801.1,1452.2263
1615.6999999999994,1521.1445
1446.3,1559.7225
1406.3999999999994,1543.167
1271.4999999999998,1518.3948
1714.1999999999996,1468.2323
1363.1,1502.2971
1532.0,1484.2969
1493.5,1492.0642
1615.8,1492.3358
1214.0,1519.8763
1395.6999999999994,1464.0288
1505.8,1437.051
1080.0,1445.1166
1268.3000000000004,1377.8741
1714.1999999999998,1341.9038
1130.6,1402.4293
1151.1,1368.6123
1812.6,1317.5876
1245.4999999999998,1401.2784
1290.4999999999998,1392.0693
1173.4,1374.3947
1289.6,1331.203
1278.4,1311.6505
1263.9,1305.2349
1118.7,1297.0612
1348.4,1257.804
1597.8000000000002,1270.2386
1404.1000000000006,1340.219
1648.4,1367.0007
2099.8,1433.7821
1333.2,1584.406
1735.1,1575.5906
1470.6,1606.8392
1466.1999999999994,1589.4462
1240.6,1563.263
1840.6000000000001,1497.4332
1872.7000000000003,1549.1118
1157.8000000000004,1625.3368
1520.8,1554.9718
1909.1,1529.7202
1111.0,1592.6381
1463.6,1518.7325
1831.7,1487.0852
1413.4999999999998,1548.5381
1790.8000000000002,1538.5883
1591.5,1589.7534
1681.5000000000002,1598.8032
1626.2000000000003,1615.5651
1961.2999999999997,1627.6508
1609.2999999999995,1696.1442
1414.6,1691.7642
1759.7000000000005,1642.8057
1530.8,1653.4756
1936.1000000000001,1628.6665
1504.1,1686.8339
1657.9,1662.0999
1632.8,1656.558
1957.0000000000002,1649.5372
1571.9999999999998,1709.0785
1540.7,1692.4812
1613.4,1660.1191
1496.7,1644.968
1569.4,1609.5742
1604.8000000000006,1594.4758
1660.4000000000003,1589.0322
1941.5,1604.3973
1555.4,1674.401
1314.9,1667.922
1064.9,1593.4963
1686.4,1473.3173
1268.0,1484.4326
1764.0000000000002,1444.7168
1261.2999999999995,1498.9221
1530.2,1466.4427
1427.0,1470.8325
1568.7000000000005,1462.6842
1284.1999999999996,1477.9521
1348.9,1445.8444
1568.2,1421.6572
1514.8,1448.7045
1357.3000000000004,1465.6608
1408.2000000000005,1453.0658
1447.2,1438.0424
1430.6,1440.2716
1535.2999999999995,1438.417
1598.5000000000002,1458.6067
1417.3000000000006,1490.974
1397.2000000000005,1488.2537
1544.3000000000006,1471.3611
1598.6,1480.6115
1436.9,1506.9398
1479.4999999999998,1502.3704
1850.0000000000002,1498.0386
1297.4999999999998,1567.2478
1757.9000000000003,1532.8965
1402.5,1568.9178
1324.1,1544.7799
1466.6,1497.7122
1258.6,1481.08
1263.5,1433.281
1807.8999999999999,1387.8761
1535.6999999999994,1460.1676
1525.6,1494.4812
1585.4999999999998,1506.5741
1637.8000000000009,1529.4807
1446.1,1553.5966
1477.0000000000002,1541.2533
1440.2,1527.8165
1851.0,1507.5626
1488.9,1573.418
1219.2999999999995,1575.7322
1875.9000000000005,1503.4138
1567.4,1559.8323
1441.6,1575.8804
1563.6,1553.8309
1687.6999999999998,1549.844
1435.3,1577.8093
1448.0000000000002,1557.6569
1586.4999999999998,1532.6104
1608.2,1533.531
1538.6,1550.7378
1614.8999999999999,1556.6868
1410.9,1565.4044
1333.9,1538.7603
1348.9,1493.6843
1392.7999999999995,1453.6699
1396.2999999999995,1430.4307
1516.9,1420.1038
1437.8000000000006,1437.6143
1208.0,1441.9585
1597.1,1397.5734
1885.4,1425.6322
1277.5,1522.8883
1624.0,1501.6066
1495.8,1522.6572
1593.0,1524.1086
1945.2000000000005,1539.3474
1346.6,1624.9191
1562.1000000000006,1591.3354
1354.4999999999998,1579.0667
1174.6,1535.3596
1286.9000000000003,1452.5121
1427.5,1395.7887
1464.1,1391.9368
1283.1,1403.8214
1412.3000000000006,1385.0544
1596.8,1385.3014
1324.9999999999998,1422.868
1573.5,1417.686
987.0,1446.2339
1391.9999999999998,1366.7966
1179.0,1354.3156
1477.9,1318.5682
1438.8999999999994,1340.7107
996.0,1366.5885
1462.9,1304.757
1295.6,1319.5117
1258.6,1317.8762
1432.1,1308.9552
1377.4,1329.4994
1607.2999999999995,1350.7904
1559.9,1406.2129
1097.7,1454.4382
1306.9,1397.0541
1299.6999999999996,1365.6111
1905.1,1350.1777
1472.6,1453.8646
1329.4,1487.1162
1448.1,1467.6971
1744.6999999999996,1459.247
1614.0000000000005,1514.7057
1061.6,1547.3362
1504.6,1461.3654
1357.1999999999996,1452.9878
1484.4,1433.1252
1097.1999999999996,1440.3928
1672.4999999999998,1371.2495
1102.8,1414.6063
1648.2,1367.749
1290.4,1410.9175
1503.4,1396.384
1716.9,1414.016
1633.8000000000009,1483.8711
1539.0,1530.1333
1330.2999999999995,1545.9626
1292.2,1507.9602
1346.3,1461.072
1405.9,1423.6674
1632.2999999999997,1416.2886
1537.0,1454.3837
1210.0,1484.2944
1253.5,1438.5623
1344.4,1389.0968
1274.5,1367.3359
1197.6,1344.3671
1174.3,1312.6598
1480.8,1279.7654
1354.7,1311.434
1314.3,1329.457
1455.6,1330.2094
1214.1999999999996,1355.4702
1447.9,1338.5435
1297.4,1357.3531
1475.4,1351.8602
1142.8,1376.93
1585.7999999999993,1341.0913
1215.4,1382.2356
1102.2,1360.0671
1364.3,1306.5654
1724.2999999999997,1305.3542
1162.7,1387.0978
1633.4,1368.5902
1415.0,1415.6161
1233.6999999999996,1430.1685
1443.2,1395.8276
1431.8,1400.4131
1431.9,1405.8794
1327.6,1416.6005
1478.4,1406.0494
1283.1,1418.0541
1384.0,1392.5844
1611.5,1389.6028
1433.9999999999998,1430.0155
1350.5000000000002,1443.4796
1193.7,1432.2314
1535.6999999999994,1383.126
1197.4,1401.0609
1151.6,1367.2795
1664.3999999999999,1319.0426
1450.4,1373.5907
1229.7,1405.9744
1519.8,1381.4457
1231.9,1400.9073
1513.5999999999997,1374.776
1589.0,1396.9845
1556.1,1443.6991
1386.5,1476.955
1308.7,1472.0092
1553.1999999999994,1442.1769
1234.6,1453.5437
1402.7000000000005,1415.6267
1436.7,1406.839
1392.9,1409.774
1071.6,1411.1364
1387.3000000000006,1345.2372
1509.4,1335.67
1059.4999999999998,1367.3209
1080.8,1318.2968
1555.7,1261.7058
1377.4,1302.4557
1180.5,1331.7457
1599.9,1310.9714
1248.8,1362.4775
1560.6,1355.3285
1047.7,1398.3654
1314.9,1341.5531
1150.4,1321.2927
1012.4,1288.1583
879.6999999999997,1229.5841
1225.2999999999995,1144.793
1293.2,1138.7164
1158.1,1170.4725
1291.4,1175.0249
1898.7,1202.2761
996.2,1343.948
1441.1999999999994,1319.405
1126.9999999999998,1337.0262
1361.5,1304.115
1191.7,1310.6606
1521.5,1294.6588
1556.3,1335.5212
882.8000000000003,1391.2518
1340.4,1311.1101
1167.1999999999996,1296.7231
1085.3,1262.9517
1261.8000000000004,1227.4078
1529.7999999999995,1223.4025
1240.3000000000004,1286.1823
1335.5,1294.7902
1332.7000000000005,1308.3915
1153.6,1315.5962
1148.9,1286.0356
1404.4999999999998,1259.0242
1251.0000000000002,1279.4364
933.2,1283.0142
1203.9999999999998,1220.4586
1579.4,1201.4618
1366.6,1268.5763
1191.6,1309.3203
1461.3,1298.7261
1353.7,1328.9508
1586.9,1345.2432
1191.5000000000002,1399.6473
1254.5,1373.4945
1034.9,1346.4384
1244.9000000000003,1284.7139
1136.7999999999995,1261.8439
960.4999999999999,1230.1105
1459.3000000000006,1172.2233
1437.3,1214.9669
1325.4,1269.5013
996.3,1297.1058
697.1,1245.3085
1374.6,1130.3579
1064.9,1146.4077
1253.5,1139.8962
1156.6,1161.2439
1081.8000000000004,1169.597
1264.1,1159.7638
1165.7,1175.4164
952.4,1178.5951
1206.1999999999996,1137.951
1016.4,1144.5837
1269.6999999999996,1128.8411
1498.6,1149.65
1265.1,1227.4469
1126.4,1257.1311
737.5,1242.9454
1390.6,1145.602
1398.4,1166.3094
1449.0,1219.962
1129.4,1284.2039
1529.9,1272.9485
1059.9,1324.2373
1349.4999999999998,1287.5654
1504.6,1289.1273
1334.0000000000002,1334.3059
1411.6,1349.9352
1252.6,1373.5889
1123.8,1354.9471
1272.4,1306.4998
1449.2,1287.5359
982.7,1318.2513
1456.2,1260.523
1191.5,1288.3655
1121.6999999999996,1277.4879
1100.3,1244.4464
1249.6,1209.9967
1359.2000000000005,1208.8641
1114.3000000000004,1240.4475
1146.4,1228.3499
926.9999999999999,1210.6029
1392.5999999999997,1151.2623
1226.3,1186.9625
1240.2999999999995,1203.1084
1572.5000000000002,1218.3613
1306.3999999999996,1294.3998
1506.7,1320.2848
1243.2000000000005,1364.9816
1088.2,1353.9028
1222.9999999999998,1303.6135
1252.6,1277.1511
1169.8,1270.613
1228.9,1248.881
1242.8000000000004,1242.3763
1393.8,1243.0275
1092.1999999999996,1271.068
1299.3000000000004,1247.0569
1444.4,1250.1353
1124.6,1291.813
850.2000000000002,1274.6008
1206.9000000000003,1190.2227
1378.8000000000006,1171.9124
1050.6,1209.807
1244.3,1191.7766
1493.2999999999995,1199.0538
966.8,1258.4072
1167.5,1222.7104
1179.7,1203.0748
1247.8000000000004,1193.1244
1257.9999999999998,1205.154
1178.0,1224.6469
1326.2,1221.8859
1122.3,1241.7406
1002.8,1228.9155
767.0000000000001,1183.2291
999.7999999999998,1090.4082
1140.0000000000002,1052.9672
1288.4999999999995,1060.7119
1074.6,1109.1666
1432.5,1117.8473
717.9000000000003,1182.5208
1189.1,1114.0116
1235.2,1109.4541
1069.1,1135.7366
1161.7,1134.3254
1147.6999999999996,1145.2793
1290.8,1151.3324
1001.7999999999998,1181.8845
1252.0,1156.7578
1364.6,1172.0045
933.5999999999999,1212.4738
1104.3,1178.6112
1426.2,1155.2333
1455.0,1202.7535
1322.1,1268.6713
1660.5000000000002,1299.1646
1337.5,1380.6158
1269.9,1394.7258
1239.2,1379.2335
1045.8,1348.9799
797.5,1283.2611
1208.4,1178.601
969.2999999999998,1157.8215
1112.0000000000002,1115.9407
1107.3,1104.3279
1303.6999999999996,1103.9485
1332.6,1139.9991
1402.6999999999994,1189.8528
1206.9999999999998,1246.6738
1247.1,1256.3888
1105.8000000000004,1261.2014
1353.8000000000004,1238.4971
1147.6,1255.0889
907.8000000000001,1243.891
1052.7999999999995,1178.865
1600.0999999999997,1139.7612
1197.6,1218.6757
889.5,1237.8019
629.2,1176.9546
1097.3,1058.7957
1032.4,1033.9236
1069.8,1030.2656
1061.0,1036.9939
872.7,1046.9148
1157.9999999999998,1021.58496
1111.9999999999998,1042.4897
873.2000000000002,1058.5961
905.2,1031.4792
1216.4,1004.8192
1071.2999999999995,1044.2697
891.4999999999999,1061.3333
997.5,1037.1351
666.4,1025.1395
744.6999999999997,956.6063
1106.6,901.35706
1116.3,924.77435
1113.9,970.89374
879.5000000000001,1016.4665
861.6,1006.8503
988.8000000000005,976.44
1409.8000000000006,972.98206
1201.8,1060.0645
1216.5,1114.7046
650.7,1156.3678
1023.5000000000001,1076.0472
860.2,1043.9313
1114.8,1002.40344
1364.0,1014.4731
1076.0000000000002,1090.2714
1119.9999999999998,1113.386
1114.2,1123.9308
989.4,1123.651
1031.1,1100.6917
804.8000000000002,1082.6648
1014.9000000000001,1032.8839
1069.4,1016.72217
1047.1,1027.3219
738.4999999999999,1035.7305
977.5999999999999,981.52124
1068.3000000000004,968.8846
919.8,986.32935
1545.4,981.17444
1035.3,1091.468
1374.1,1114.5463
945.0000000000001,1176.2981
867.0,1151.1042
798.1000000000001,1092.3097
1028.7,1022.7595
1101.0,1010.4132
1061.4,1026.8881
980.4999999999999,1040.9353
1038.9,1038.0133
1006.3000000000001,1034.1487
1323.1,1032.9333
1131.1,1087.268
951.4,1116.4827
752.6,1097.512
936.0,1031.3668
1266.8,996.22754
969.7000000000002,1040.1609
1424.2999999999995,1042.5887
1254.1,1120.2827
955.7,1170.6107
1016.8999999999999,1146.7025
869.1999999999997,1114.8197
1170.0,1062.2357
1214.1,1072.3152
1072.0000000000002,1108.4988
996.5,1114.9297
1036.8,1094.3252
685.5000000000001,1082.3955
707.7,1002.2036
1029.3000000000004,925.67786
839.9000000000001,927.73596
1024.7,914.8472
1132.3,936.5153
1311.1,980.67426
666.8,1057.9575
955.5999999999999,1008.5354
882.1000000000001,987.167
1225.5,963.55615
923.6,1013.2759
914.1,1015.5948
1116.5,998.37213
696.5000000000001,1020.86884
1488.6,968.0249
1110.3000000000004,1053.7166
1110.6,1089.3712
1205.0,1111.6285
1076.6,1137.9001
1175.9,1137.8127
935.5999999999999,1145.3793
824.5999999999999,1112.5662
1085.1,1052.5077
969.9000000000001,1043.3195
1106.2000000000005,1034.2617
875.3000000000004,1042.1403
863.3999999999997,1017.0196
833.8,983.0883
910.3,946.3532
860.2,932.0002
1010.4,915.7393
493.5,933.3973
661.0,860.43054
952.6999999999999,802.0341
946.9,816.3462
973.8000000000001,846.90375
689.2,884.4215
1096.2999999999995,862.0547
746.9000000000003,903.12195
770.1,888.59735
632.1,865.446
741.3000000000003,816.5055
953.3,795.89484
610.0,823.4277
692.1,793.33905
781.2,767.86633
602.7,765.04877
1041.2,739.5721
701.2,787.9709
603.3,792.002
871.6,761.0941
694.9,777.3966
776.0,770.3907
736.6,770.6622
808.5000000000001,770.68274
945.3000000000004,781.4956
433.40000000000003,818.7902
978.5999999999999,763.53186
589.7,786.50244
866.1,762.7061
903.0000000000001,779.8254
875.7,810.1055
751.7,836.58295
804.3,831.7299
495.2,829.1242
887.5,769.07715
802.4999999999999,774.8469
1114.2000000000005,790.5558
1120.1999999999996,856.2773
371.9,932.8171
968.9,851.54755
622.8,851.64716
992.2,812.416
1000.7999999999995,839.0203
902.2,881.33203
1064.1,905.0602
943.9,943.56836
917.1,959.15466
934.2,956.0907
644.6000000000001,952.8544
650.4,904.0283
788.4000000000002,842.0812
930.8000000000004,820.43066
705.9,836.08356
1035.5000000000002,819.14026
897.7,858.39154
784.6999999999997,878.94745
1218.6,870.4853
676.9000000000002,936.9453
730.4,910.17896
721.1,874.32056
783.9,839.6888
516.3,822.31586
1088.2,762.43787
850.4000000000001,810.8957
770.4000000000003,834.06
966.0000000000001,832.5394
896.8000000000003,861.3521
809.0000000000002,875.55475
1028.1,874.0901
906.6,906.5996
834.1000000000001,920.633
728.8000000000003,912.04
875.3000000000004,881.9545
761.6000000000001,871.2108
879.1999999999996,852.29816
1060.9,856.2632
1064.4999999999998,898.21204
1005.2000000000002,945.8462
1165.4000000000003,975.237
768.3,1021.37665
1129.6,990.409
1198.1,1011.98145
798.2,1059.0391
929.6999999999999,1026.0648
1002.0,1003.3549
673.6,999.98895
756.0999999999997,939.3205
1157.0999999999997,889.57806
693.1,928.9265
878.0999999999998,897.3658
863.9000000000001,890.41547
1002.9,883.6837
585.1,905.3722
806.0000000000002,857.3423
668.9000000000002,835.56433
989.4,800.15814
653.0000000000001,831.3019
994.4,811.09467
1244.0000000000002,838.8899
558.0,930.8015
984.6,889.725
739.5000000000001,898.4415
969.0000000000001,873.0161
1191.7,890.70734
781.2,956.1252
957.2,947.6152
715.3000000000003,948.06665
466.8999999999999,910.82556
1035.5,817.7601
657.4,830.6007
958.2,811.21545
748.8000000000003,833.6287
820.6999999999998,829.9257
772.1000000000001,828.52234
807.0000000000002,817.6088
826.9,817.9767
941.1000000000001,821.556
445.2,850.48505
867.3000000000003,790.2168
786.4000000000004,785.5302
771.3,790.98395
661.7,790.1484
625.2,770.7079
1047.4,740.5699
642.4000000000002,792.9103
725.6,784.04175
529.2,773.2607
572.4999999999999,726.38525
799.6000000000001,691.2736
549.1999999999998,701.68
820.6000000000001,680.57904
777.3000000000003,703.4704
389.6,729.0836
932.7000000000004,678.07794
486.80000000000007,708.9098
582.8,683.49115
693.0000000000001,659.6543
585.3000000000002,664.23724
1562.4,655.4147
1324.1,825.77374
1306.6999999999996,977.9981
1492.0999999999997,1086.4575
1302.2,1198.9385
1538.0,1258.004
1194.3,1329.4127
1256.1,1330.7546
1717.8000000000006,1322.6816
1963.9,1402.9824
1542.9,1541.9022
1394.3,1573.6398
1137.6,1549.4827
1940.9,1464.844
1601.2000000000003,1536.3265
1678.7,1569.7795
2103.0000000000005,1599.7513
1215.4,1711.6548
1583.2999999999995,1642.8015
1328.5,1612.036
1848.8,1544.6722
1860.0999999999997,1589.7329
1582.9,1656.6298
1927.0999999999997,1663.243
1535.0,1712.3049
1381.3,1690.0778
1649.8,1623.1952
1241.8000000000004,1606.5657
1212.1,1536.8575
1271.1999999999996,1454.8975
1334.2,1401.0397
1369.7,1370.4595
1595.8000000000009,1360.8313
1339.1,1405.7565
1137.1,1401.026
1912.3,1350.6924
1533.5,1449.2539
1529.1999999999994,1489.5369
1142.7,1511.986
1223.8,1448.3428
1061.6,1390.1112
1711.4999999999998,1312.6083
1366.5,1371.0243
1198.8,1384.8772
1647.9,1355.6246
1526.7,1408.9714
1360.0,1440.4999
1535.5,1434.9685
1412.2,1453.5974
1584.1,1454.8282
1174.4999999999998,1482.7732
1477.8000000000006,1434.2023
1565.9,1426.8319
1862.8,1455.0459
1667.0,1546.312
1942.9,1591.1847
1780.7,1673.3977
1499.0000000000002,1716.9078
1742.9000000000003,1684.0902
1540.1,1689.4524
1948.2,1660.317
1647.6000000000001,1715.1326
1801.9000000000003,1714.7087
1769.5000000000002,1732.4156
1305.7,1741.1155
1465.9,1657.5701
1556.1,1596.0477
1478.5,1571.9983
1635.8000000000009,1549.649
1293.4,1559.4951
1803.6,1511.372
1077.9,1553.0043
1239.5999999999997,1471.4309
1161.6,1403.6561
1580.1999999999996,1337.7573
986.3000000000001,1371.4513
1416.3,1306.2966
2031.4000000000003,1310.3274
1072.3000000000004,1453.9657
1333.4,1415.6013
1356.2999999999995,1393.363
1372.1,1376.3218
1525.1999999999994,1377.3484
1339.1,1408.269
1653.5999999999997,1406.2776
1514.4,1452.72
987.1999999999999,1483.4199
1602.4,1394.4935
1263.6,1406.1307
1564.999999999999,1388.6794
1020.7,1419.5231
1108.1,1351.7987
1593.9999999999998,1288.3462
1441.8,1330.3458
1616.1,1365.8833
1401.4,1422.7158
803.4999999999999,1434.4167
1198.6,1321.7242
1185.6,1264.8955
1712.7999999999997,1237.6252
1544.4,1321.6227
1574.7000000000005,1393.8873
1734.4,1451.4652
1219.6,1519.9572
1348.1999999999996,1479.9902
1178.9,1443.0669
1924.3999999999999,1383.9282
1363.5999999999997,1482.2247
847.5999999999999,1485.4651
1424.0,1366.114
1564.6,1342.7242
1223.9,1380.6768
1735.3000000000002,1360.4882
1287.5,1427.0449
1247.6,1421.6808
1308.6,1387.7557
1475.8,1366.8489
390.20000000000016,1377.1312
419.70000000000016,1194.5327
428.9,1004.4827
527.5,839.88513
322.8,732.0907
593.7,627.524
443.90000000000003,584.58234
689.0,548.4317
769.4,563.4503
605.1999999999998,605.9246
509.7,616.40204
529.2,609.71497
508.50000000000006,597.0623
664.7,581.49023
422.40000000000003,595.8327
629.1999999999998,575.09656
986.8,580.86
234.60000000000002,664.2058
553.8,612.74274
368.8,587.1992
446.3999999999999,543.7866
552.7,516.84937
581.4999999999999,519.18365
654.8,536.02966
557.1000000000001,565.80225
616.0,579.43384
502.4,592.61536
388.20000000000016,579.41974
306.6,549.41785
500.6,497.46753
519.0,487.40106
439.9,494.57434
856.9,490.1874
501.3,559.94305
568.4000000000002,574.13165
511.1,581.10284
481.59999999999997,573.30365
278.90000000000003,558.5097
310.2999999999999,507.8644
395.69999999999993,461.1022
363.9,437.43182
804.4,420.49362
407.9,490.5289
484.3000000000001,497.69962
654.7,502.31604
437.7000000000001,534.7759
464.6,531.3103
591.9999999999999,521.7016
485.3,537.94806
551.2,538.6433
338.2,545.3917
556.5,514.59705
561.8,512.27313
536.9,527.6593
694.0,538.08813
653.7,572.442
617.2000000000003,604.0028
672.9999999999999,620.4426
485.00000000000006,638.2618
722.9000000000003,620.36206
627.8,637.42566
511.0,647.8358
521.7,628.8127
711.0,607.142
381.9,624.2437
707.9000000000003,587.65344
839.8999999999999,601.91565
388.3,655.08545
477.20000000000016,625.3402
538.1999999999998,593.6233
636.7999999999997,575.42926
440.8,585.44507
527.1,567.0291
384.9,557.85913
622.0,525.31
726.6999999999997,539.37366
740.0999999999997,580.235
651.3000000000002,624.34296
341.5,650.115
513.3,604.744
493.3,577.06726
506.6,556.26074
744.4999999999999,546.452
479.2,583.9762
572.4,582.4846
451.00000000000006,582.2171
318.6,560.32465
845.1,511.51614
416.5,561.2795
703.2000000000003,557.671
393.8,586.239
429.50000000000006,564.23914
523.7,536.20386
564.3000000000002,526.5664
819.1999999999997,536.353
644.6999999999998,595.3141
668.5999999999998,628.2951
685.3,651.8157
344.49999999999994,664.85394
384.3999999999999,616.5818
485.4,560.1058
357.3,535.3495
597.4000000000002,499.8656
487.20000000000016,510.28705
519.3999999999999,513.4465
330.99999999999994,516.3043
446.6000000000001,487.11014
710.3000000000003,472.78946
395.3,514.84406
640.4,513.0909
512.1,539.95654
391.3,547.0558
461.3,525.94226
305.5,509.3651
435.5,471.47565
398.70000000000016,456.29697
421.7,447.07678
523.3,443.10263
397.9,457.7542
570.9,457.54416
451.50000000000006,479.62875
434.1,485.90237
677.5,483.103
588.9999999999999,521.5922
740.5,552.36676
845.6999999999999,600.47906
616.4,666.1547
505.8,681.7305
536.4000000000002,657.24347
561.1,632.8622
794.4000000000003,615.4315
421.6,649.0534
588.4,622.85645
1126.7,610.3004
339.6,707.72845
549.8,671.9405
383.1,639.3438
370.30000000000007,586.9745
513.6,535.67883
737.8000000000003,519.66895
590.9,559.31573
629.6999999999998,579.4011
607.4,601.4103
481.09999999999997,612.20996
437.3,588.9254
423.00000000000006,562.605
557.4,531.4861
588.6999999999998,532.3574
490.3,548.5273
860.4999999999998,546.46
429.2,605.6079
598.0000000000001,596.1095
626.4000000000002,596.13495
571.1,605.5704
430.8,607.27905
403.80000000000007,580.1297
532.3000000000002,543.9013
506.4,533.7152
871.4999999999999,529.406
422.40000000000003,596.4456
626.7000000000003,585.7271
805.3000000000003,596.13715
478.0,641.2472
600.9,628.5299
620.3,623.27496
585.0,626.79047
991.9999999999999,625.5172
499.5,697.3863
566.0,687.69867
611.5999999999998,662.1642
633.1999999999998,652.27124
974.1,648.7763
750.5000000000001,710.6328
710.5,743.8934
827.9999999999998,751.1553
699.6999999999997,771.7443
607.0,769.2488
690.1,738.14655
769.4,727.1618
476.1,736.33405
708.9,695.1242
423.2999999999999,689.0345
638.0999999999998,638.58777
680.3,627.108
536.2,637.4816
494.8,624.18225
650.6,599.9661
748.1000000000001,606.1078
471.10000000000014,637.63385
743.0999999999997,619.10425
356.3,642.1401
705.8,598.7119
794.6,610.9893
712.7,652.0872
720.7,679.5089
463.90000000000015,700.5833
661.7000000000003,667.8756
503.8,659.3706
571.4,630.8645
751.0000000000003,617.21967
710.4000000000003,639.8753
753.0000000000001,667.8603
612.0000000000001,694.0743
409.50000000000006,689.23737
1222.6,639.44025
480.4,736.306
754.7,725.0039
475.80000000000007,729.3627
478.1,689.3022
582.9,641.7846
580.9,618.68964
869.1999999999997,608.54706
589.6,657.0647
690.0999999999997,664.5324
588.6,677.5374
364.6,661.1929
405.3,609.51984
441.00000000000006,557.12555
274.7,525.47284
424.79999999999995,474.27087
351.79999999999984,451.99216
552.0,430.49365
647.7,446.0651
594.8000000000002,493.18658
717.1999999999997,529.01544
361.1,578.6249
451.50000000000006,559.6981
705.1,537.531
493.5,565.83734
586.6000000000001,568.19403
382.9,576.07513
510.79999999999995,548.5572
444.1,535.62335
497.49999999999994,517.7417
1345.0,512.1992
951.6000000000001,668.3782
993.4,777.2568
987.5,854.5467
930.2,904.54297
1317.4000000000003,929.98517
875.2000000000003,1015.54535
987.5,1020.88245
1077.1,1021.2761
1406.9,1038.9269
1333.9,1120.8933
1207.6,1182.2294
1119.2999999999995,1209.3999
1735.9,1202.6868
1236.8000000000004,1307.8416
1172.1,1326.4625
1703.5,1301.6094
984.8,1379.5847
1213.3,1327.0035
1084.8,1294.1555
1311.4,1244.5969
1718.5999999999997,1246.0253
1621.0,1341.6017
1660.6,1425.336
1509.4,1489.8909
1449.8,1514.5392
1434.6999999999994,1511.1313
1308.8000000000004,1492.1621
1424.6999999999994,1458.4155
1305.4,1444.9012
1266.4,1418.4341
1418.6,1383.3463
1240.4,1378.7186
982.0,1351.0521
1028.0,1272.0242
1157.9,1204.8778
1464.9,1178.5464
927.4,1227.7828
877.6,1186.0007
1088.6,1115.929
895.5000000000001,1093.0211
1328.1999999999996,1050.9884
1223.1,1092.1896
1128.7000000000005,1131.7592
1647.0,1146.9504
1539.0,1250.9552
1313.4,1337.0421
1758.7000000000007,1354.4603
1311.1,1444.484
1684.5,1446.325
1238.4999999999998,1496.0908
1263.6,1463.7986
1425.6,1416.6921
1717.5,1409.0272
1919.2,1471.2291
1541.5999999999997,1573.5063
1822.6,1593.8767
1572.2999999999997,1647.4382
1640.4,1642.596
1115.3000000000004,1644.7273
1515.6,1539.2338
1393.6,1512.2108
1354.6,1484.299
1353.9999999999998,1452.8793
1220.3,1423.9092
1371.0,1374.0569
1558.6,1362.4581
1168.1999999999996,1395.0812
1127.7000000000005,1360.8558
1082.6999999999996,1306.1907
1274.9,1253.7208
842.3000000000003,1242.33
955.1999999999996,1164.4233
776.3,1104.4901
1054.0,1026.6741
1179.5,1012.40607
1245.0,1040.8802
1371.2,1087.1499
1021.0,1158.7897
1154.9,1154.7482
1147.2000000000005,1156.4437
1423.0,1155.6758
1189.6,1213.3491
968.2999999999998,1227.9773
1194.0,1188.0273
1322.6,1180.154
1035.4999999999998,1207.3871
1881.0999999999997,1183.7006
1177.2000000000005,1313.3887
1462.7999999999995,1326.5934
1104.8000000000004,1358.9608
1383.1,1320.9027
1128.3,1322.5188
1410.3,1288.8275
1493.7,1308.4431
1384.4,1351.5253
1454.5000000000002,1370.774
1381.5000000000002,1397.2716
1144.9000000000003,1395.6302
1068.1,1352.1567
991.7999999999996,1285.3192
990.5,1215.5007
1034.4,1153.4323
878.3000000000001,1117.6952
1248.5,1062.1139
1218.4,1082.1387
1034.4,1115.6696
1114.3000000000004,1109.7175
956.5000000000001,1109.9935
1259.4,1084.0758
1108.2,1113.4747
951.6999999999999,1124.547
1211.9999999999998,1098.0974
1008.9,1115.3927
1210.5,1104.8828
921.5,1122.3472
1182.2,1091.0045
980.0,1103.55
760.4,1085.8225
1286.7,1023.3235
982.1,1055.862
1157.6,1054.5603
1193.1,1078.2303
1069.6,1107.6991
1227.4,1112.8151
1339.9,1137.1947
1109.6,1188.1603
1280.1,1188.1714
936.7,1210.3313
1000.2,1169.9673
1692.1999999999994,1125.6036
963.8,1227.6924
1034.3000000000004,1206.7386
1386.1,1170.1665
916.4999999999999,1205.2012
1189.2,1160.9065
889.9000000000003,1154.8795
1057.6999999999996,1106.4199
890.8000000000002,1084.4092
1264.3,1046.856
1181.9999999999998,1080.9962
1013.2999999999998,1105.9939
1123.4999999999998,1102.1456
972.9999999999999,1107.8838
1291.1,1082.9093
1102.6999999999996,1121.6732
1168.0000000000002,1129.882
954.8999999999999,1144.958
1039.4,1115.0936
1187.7,1097.0968
803.0999999999997,1109.4478
1085.4,1057.2169
1140.9,1051.7183
939.8,1069.3795
1061.8,1054.002
1003.3000000000003,1051.0564
878.4000000000003,1044.5663
871.6999999999997,1012.9466
1239.9,981.46387
1167.6999999999996,1024.168
1050.9,1065.311
856.3000000000001,1080.4418
922.3000000000001,1043.2974
913.9,1011.5282
1183.1,988.32074
947.0000000000001,1021.0155
1523.0999999999997,1019.8946
962.7999999999996,1120.6967
1069.5,1122.8347
1229.6999999999996,1113.1406
1307.3000000000004,1135.1007
1156.5000000000002,1177.858
1520.7,1190.8235
1520.3,1261.9785
1350.4,1335.7114
1550.2,1359.5725
766.4000000000003,1408.2269
1137.9,1294.7197
930.3,1240.2782
909.1,1168.7953
946.2,1101.1581
912.5000000000001,1054.2001
1378.9,1017.4876
1091.4,1074.8184
1065.5,1094.4663
1095.5999999999997,1096.1718
656.9,1095.1257
764.5,1019.7089
1145.6999999999996,950.16907
1100.5,971.65643
802.5000000000001,1006.70215
1180.4999999999998,981.48676
1023.4,1015.80316
955.1,1025.6768
1061.6,1018.7347
1077.4,1027.5297
1017.6999999999999,1041.846
1135.5,1048.677
1202.1,1071.4598
1485.1999999999994,1103.5498
1157.3000000000004,1188.9724
1167.2,1212.3772
1521.1,1210.6401
1216.0,1274.1547
1671.0,1284.2078
1216.0,1365.1447
1573.8,1360.6405
1449.0,1405.1515
1478.0,1427.7605
1243.7000000000005,1445.9009
1732.4,1410.7435
1619.6,1468.8822
1620.4999999999998,1516.3046
1295.9,1548.2566
1325.8000000000004,1510.8092
890.5999999999999,1462.8535
984.6,1343.964
952.6999999999999,1241.804
903.4,1160.1182
1311.1,1089.3788
944.8,1115.5449
1692.5999999999995,1087.4169
1519.9,1196.3522
1023.5999999999999,1288.4789
1224.5000000000002,1264.9143
1104.3893223234738,1251.7507
997.8000000000004,1225.67
887.5999999999998,1178.0941
1034.7,1113.5795
859.2999999999998,1085.0366
1093.5,1034.0371
1572.9,1036.5148
902.9,1136.1727
1279.1,1120.0486
158.8,1151.2804
195.5,973.1488
307.2000000000001,778.78455
167.89999999999998,635.9911
114.40000000000002,510.26044
269.6,399.8632
353.3,344.2777
582.0,327.88678
426.20000000000005,364.1136
293.4,391.87527
138.9,378.72403
279.79999999999995,341.0568
248.1,321.75983
302.3,305.9505
147.3,305.8814
421.7,282.81818
768.8,303.60986
62.2,399.61542
305.0,370.73865
248.6,352.02853
218.0,332.15207
244.89999999999998,310.88116
273.3999999999999,295.49847
297.0,291.17294
169.60000000000005,294.7053
440.2,278.99402
332.49999999999994,304.60828
272.1,317.87503
303.2999999999999,322.64395
230.0,323.0331
395.3,310.82306
265.1,326.7009
376.20000000000016,325.259
322.4,337.90894
256.7,343.3622
265.40000000000003,334.8286
292.4000000000001,321.11676
183.5,315.8945
137.4,294.8185
292.4,263.03928
224.59999999999997,262.5205
338.9000000000001,258.33838
295.5,276.19504
525.0000000000001,288.50125
363.9,339.45132
223.0,365.28317
253.2,351.43088
233.5,332.5427
224.7,313.76328
278.29999999999995,296.8399
179.90000000000003,291.3257
267.20000000000005,274.37073
304.30000000000007,270.44696
250.5,279.63806
391.3,278.75772
374.1,303.01007
267.29999999999995,329.12042
264.1,330.28168
335.4000000000001,322.7331
217.8,326.9813
400.30000000000007,312.58368
262.40000000000003,328.92117
174.5,326.3512
337.4000000000001,301.5606
215.2,304.31808
252.90000000000006,292.14972
340.3,284.44696
141.99999999999997,296.78473
118.9,277.10626
355.7,244.83461
251.7,259.01053
185.9,265.15662
454.80000000000007,257.31638
164.29999999999998,295.27396
553.9000000000002,287.1198
425.1000000000001,337.34732
389.20000000000016,374.3358
379.5999999999999,392.04343
308.4,401.35254
238.3,392.76874
248.49999999999997,364.51675
311.7999999999999,339.35068
469.30000000000007,331.64926
203.29999999999998,356.52145
197.29999999999998,343.72266
204.2,313.09628
143.0,287.26297
280.4,256.42023
248.2,254.00677
445.0,256.69022
179.09999999999997,296.31116
425.8,292.4082
293.5,318.13956
415.4,324.40186
367.8,348.6053
307.7999999999999,364.75482
345.20000000000016,364.11868
279.6,365.74182
204.3,354.29657
235.4,327.96838
285.3,304.76752
92.2,300.04538
368.1,263.12546
196.79999999999995,274.3065
260.6,267.12277
361.3,266.9211
310.7000000000001,288.07077
324.1,302.61398
160.49999999999997,315.37213
473.3,296.15628
418.70000000000016,325.78656
327.2999999999999,356.81787
389.5,367.74298
302.4,377.26178
458.5000000000001,372.4476
347.0,390.6476
408.20000000000016,392.30588
412.6,400.16913
578.1999999999998,409.28964
686.0999999999998,449.48026
694.5,508.22318
279.90000000000003,565.6989
647.3,536.06116
551.6999999999998,550.70795
870.1000000000003,561.6028
781.8,625.9576
685.3,681.1156
420.3,703.3664
655.3,662.4512
498.2,651.5087
676.4999999999999,623.05145
401.6,627.55585
845.1999999999997,595.56744
1350.5,633.6548
273.6,785.85394
786.8999999999997,736.96936
596.4999999999999,733.724
547.7,711.5353
669.9000000000002,680.93243
690.0,672.361
924.4,679.0595
483.7,730.2024
832.3000000000004,707.0006
725.9999999999999,723.5263
608.3,726.4628
575.8000000000002,716.81714
661.1999999999998,688.16284
774.3999999999999,679.6432
543.8,699.835
937.9,680.5049
808.8,726.1734
684.8000000000002,757.0875
542.2,760.00696
670.3999999999999,721.3133
503.09999999999997,703.9747
400.70000000000016,666.46545
652.9999999999999,610.3467
505.70000000000016,604.2274
939.3,587.1145
716.6,652.8966
906.9000000000001,685.5324
861.8000000000003,740.00757
887.6000000000001,783.50946
714.9,821.2891
663.4999999999999,815.83746
509.2,791.44037
739.9000000000003,737.82715
362.9,725.03577
712.6,660.32404
585.8,650.163
666.0,640.4141
844.6000000000001,643.6217
928.9000000000001,684.9893
662.3000000000002,745.75867
742.7,752.77356
786.3,756.7199
591.6,769.09717
884.3000000000003,742.1854
604.1,768.3595
577.5999999999998,748.09045
646.2000000000003,715.29474
423.8999999999999,696.1823
473.3,642.08527
760.1,595.8434
519.5,617.20166
634.1000000000001,609.0727
718.4,613.5839
784.4000000000004,639.5182
454.30000000000007,675.3534
948.2,650.5679
611.9000000000002,702.2845
897.9,705.1318
815.4000000000003,748.1559
887.5,778.8837
727.2,810.52673
515.2,810.5479
547.3999999999999,759.0626
615.3000000000002,707.3327
660.3,677.6439
795.2999999999998,672.6801
563.4,694.17993
588.1,682.5993
590.0000000000001,662.2728
435.9,645.8418
640.1,603.9136
510.5,601.4442
780.0999999999997,589.7408
578.7,625.5057
723.5,631.75275
595.1999999999998,653.8461
839.1999999999997,651.8824
754.1999999999997,691.3802
715.6,719.4379
573.8,731.3669
475.7,711.536
408.50000000000006,664.5617
440.1,608.1163
551.3000000000002,561.3244
285.3,550.24475
626.6,500.85028
606.2,512.47363
567.8,534.94037
748.5,551.08704
575.6,595.5371
644.5,610.13074
414.20000000000005,625.55835
689.4999999999999,596.4044
802.0,608.8632
693.6,652.68726
835.9999999999999,681.26935
683.3000000000002,721.02545
650.6999999999998,730.32227
860.6,722.6951
600.4,748.5997
718.1999999999997,734.3414
911.7999999999998,730.60645
949.5,770.36896
774.3,819.0312
696.6,828.0041
1010.2,810.4266
650.4999999999999,845.2442
832.5999999999997,824.2492
830.2999999999996,824.03467
959.4000000000001,827.5445
676.3,859.7185
807.1999999999998,838.5652
790.5,828.2508
836.4000000000003,820.71344
772.7,826.1291
1219.1,822.49567
1309.3000000000004,897.3131
509.50000000000006,1004.5115
1232.9,944.34827
714.8000000000003,984.8282
808.4999999999999,947.94995
918.1,916.8663
1071.1,911.5116
1031.1,944.70483
693.4000000000003,974.72833
913.7999999999998,934.878
872.8000000000003,918.3959
895.6999999999997,905.411
728.6,909.47107
888.1999999999997,874.5372
1131.7,873.6755
988.2999999999997,925.98285
1211.6,956.04407
1164.9,1014.9678
871.2,1063.2423
901.0999999999999,1046.6342
1053.5,1016.5726
1001.0,1018.9669
802.5999999999998,1020.0594
1064.9,984.8923
739.4,993.07416
1201.6999999999996,948.7429
962.8,987.65204
1347.6999999999996,995.02924
1047.3,1066.6934
1250.7,1088.5187
1064.7,1129.2943
1247.6999999999996,1130.3896
966.0999999999999,1156.6268
904.4,1132.9365
649.6999999999998,1084.4738
829.3,994.90045
793.7,937.6289
1100.5000000000002,898.64056
1149.2,924.7816
1065.8,979.58417
833.0,1012.291
1099.7,990.7992
1181.5,1005.5009
882.5,1047.734
1433.5,1032.1953
905.9000000000001,1111.0901
905.3,1097.6027
879.9000000000003,1061.8356
594.6,1018.2185
680.0,927.7533
945.6,857.6775
861.3000000000003,858.85394
1116.7999999999995,861.189
1113.1,911.64594
1135.6,969.7321
770.2,1015.41235
1406.9000000000003,987.4803
876.5999999999997,1062.6643
1064.6999999999996,1052.3893
1027.6,1058.6494
1002.8,1059.3772
1003.2000000000002,1051.2288
781.8,1044.3508
873.9999999999999,993.93604
890.1999999999997,959.08057
934.0999999999995,938.154
1071.8,937.6746
859.5,960.5695
874.7,954.3274
937.1,938.933
784.0,936.89716
951.1,910.37964
758.4,913.0097
1143.9999999999998,889.9586
745.4,934.41895
754.3000000000003,915.3032
1031.7999999999995,882.1141
1179.6,902.15784
864.6000000000001,965.5923
1085.5,968.38324
1058.4,994.1687
926.9000000000001,1018.7771
1052.7,1010.7988
635.1043738049715,1021.83844
787.0,952.1719
684.3,906.9977
946.2999999999998,856.4972
848.0,859.9624
752.3,860.0635
1169.1999999999996,844.8951
806.5000000000001,902.7094
791.1000000000001,904.0176
876.9000000000003,886.4677
776.2,880.965
1063.9,866.50507
1035.1999999999996,902.7991
1396.2000000000005,943.97614
864.8000000000001,1044.2719
1042.2,1042.8483
1097.9999999999998,1047.018
768.8999999999999,1057.8236
1332.7000000000005,1011.93024
984.3000000000001,1064.4657
1178.1,1067.9248
1144.3000000000004,1095.1964
886.1999999999997,1113.9292
1369.6999999999996,1078.9159
1009.6,1123.7494
1430.5,1121.0751
1122.0,1182.2148
1222.2,1190.0619
1197.1,1204.9008
1150.5,1206.3094
936.2000000000005,1201.1322
1250.0000000000002,1150.5042
1382.4,1158.2631
1480.2000000000005,1209.3046
1639.3,1275.0763
930.5,1369.0886
1747.2999999999995,1308.0094
899.5999999999997,1381.3877
1132.0,1309.0055
1237.9,1258.1581
1443.8000000000006,1243.3463
1315.4,1283.5684
1354.4,1301.7712
1727.0000000000005,1317.8425
1235.9,1402.2992
1107.0,1390.7657
1247.5000000000002,1340.1447
1203.9,1303.9573
1342.2,1282.9574
1151.1,1291.0065
1368.4000000000003,1268.2557
1473.1999999999994,1281.7208
1279.9000000000003,1324.9528
1504.1999999999994,1329.1885
1398.1,1361.8231
1373.6999999999996,1381.7286
1347.3,1389.1669
1192.8000000000004,1384.6504
828.1,1348.9982
1508.3,1240.3586
1382.4999999999998,1266.1799
1427.1,1296.4844
1286.2,1330.6573
1494.4999999999998,1334.1122
1419.6,1365.8251
1430.4999999999998,1386.2239
1235.4,1401.7074
1177.8999999999996,1375.0703
1175.4,1333.1012
1155.4,1298.0854
1007.0,1258.9094
1076.4999999999998,1201.8975
1420.9,1163.1128
1515.9,1204.7341
1000.7999999999998,1276.2954
1171.4999999999998,1243.8029
1302.2,1221.7457
1252.0,1233.9825
1598.7000000000005,1243.5609
1068.4,1317.7817
1120.2,1292.1945
1187.3000000000004,1256.5903
697.9000000000003,1236.4467
849.3,1127.5092
1407.8,1043.8313
973.6999999999999,1095.672
1241.9,1089.1401
1342.2999999999995,1117.6378
1518.8000000000006,1170.9158
1038.2,1250.9053
1252.4,1236.7408
971.2,1238.2592
1434.3,1189.1825
1055.7,1230.6407
1372.2,1212.4889
1392.4999999999998,1237.0942
809.7,1279.7616
1369.1,1202.0111
1036.1,1213.7095
1297.2,1182.2133
1275.5,1201.2441
1110.7,1221.9694
1115.3000000000004,1211.4274
1029.2,1188.8475
1116.1,1156.891
1069.5000000000002,1139.9658
921.0,1122.7104
1379.9,1086.8419
1016.8000000000001,1131.5895
1051.1,1126.9971
1118.8,1111.5553
1533.8,1110.2485
1032.3000000000004,1194.9768
986.7,1189.7157
1357.0,1152.9854
1013.4,1184.218
1443.9,1163.3738
874.2999999999996,1216.5107
1170.1,1164.5237
949.9999999999999,1156.193
1438.0,1117.5283
955.3,1170.8724
1366.4,1142.6478
943.3000000000001,1183.3652
653.7,1152.4115
1003.2000000000002,1048.3981
944.0000000000001,1014.7926
960.6,990.4673
1275.1999999999996,984.7039
1053.2,1039.4435
1521.9,1062.3965
925.0000000000001,1155.3873
939.2000000000005,1142.5449
1340.0,1098.92
840.1,1138.1692
554.3,1099.1835
863.9999999999999,986.78754
887.6999999999996,934.8331
492.59999999999997,914.5519
811.5,829.61127
890.5000000000001,804.32214
996.8999999999999,810.50055
1027.5,853.5825
977.8000000000004,902.1489
974.6000000000001,929.0403
403.5,951.1484
1118.6,861.23413
1162.5999999999997,884.6376
1107.5000000000002,948.10284
567.3,1004.9585
952.8999999999999,941.05963
1524.9,927.43365
392.70000000000005,1040.1703
1067.4,952.5548
708.8000000000003,951.4952
1172.7,908.6054
878.6,955.4676
553.1999999999998,953.70294
909.6000000000001,879.27515
593.0000000000001,865.0199
1274.4,818.0621
1422.1,891.3968
821.0,1011.41425
676.3000000000002,1021.2765
894.5999999999997,957.6552
1104.5,933.2139
906.6,958.2684
1137.0,960.98914
979.5000000000001,1002.60205
757.0,1012.23615
609.2,973.69586
1203.0,891.7715
814.6999999999997,925.9195
605.6,922.10364
870.0,866.92706
961.7,853.4093
1186.6,871.14624
912.7999999999998,940.6345
1340.4,956.3867
1276.8,1037.5874
1147.6,1111.9822
783.3,1145.777
473.8,1084.981
800.4,958.1445
1129.3,897.8688
478.3999999999999,927.17523
776.3999999999999,854.8534
1055.4,819.0487
1247.9,857.8162
975.5,942.2191
1366.7000000000005,974.2206
647.8000000000002,1060.4686
1123.3000000000004,1012.1088
1560.6000000000006,1026.6661
649.6,1136.344
945.0000000000001,1074.9707
773.0,1042.1646
997.6999999999999,985.111
892.7,972.6651
656.8,954.87836
696.4999999999999,898.08356
938.6,842.14557
667.9,852.22266
788.9000000000003,820.63525
1353.9,802.0596
769.1999999999997,910.18
503.69999999999993,916.9305
1159.6999999999996,845.6113
421.30000000000007,884.7237
1192.6,813.4292
1620.1,868.97064
1307.6,1033.9785
935.7999999999998,1135.7
904.4,1131.7794
822.1,1090.8242
1114.2,1026.1572
758.1999999999997,1031.6052
1214.0,989.2742
853.7,1019.14374
589.7,1006.99725
501.9,923.13794
401.7999999999998,816.4472
1097.4,709.52856
822.9000000000002,754.3404
1118.3,784.98267
672.7,860.9487
901.0000000000001,848.18823
941.3000000000001,859.3893
1534.5,876.94653
684.1999999999998,1012.60425
902.7,995.5408
1069.0,978.9423
1070.0,998.3867
568.6,1016.9208
550.5000000000001,942.9258
848.9999999999998,848.1893
637.2000000000003,827.1742
1160.2000000000005,788.16614
1005.8,849.56384
1316.3,894.1786
1478.0,996.11237
1179.0,1120.1782
911.1,1167.5336
641.5,1133.734
1088.7,1038.5831
890.3,1026.8657
713.9,1000.85846
1118.4,945.97736
705.6999999999997,962.5909
623.0,923.03723
764.6999999999997,854.43134
1024.4,816.09045
181.29999999999998,846.9877
401.0,736.66565
522.8,646.0144
185.7,594.78656
289.9,507.68936
540.4,444.17
509.5,440.29166
527.9000000000002,457.35138
586.4,479.34622
549.8000000000002,507.40314
140.29999999999998,523.2135
652.6,467.69022
751.8000000000003,486.4051
577.3000000000002,545.34106
245.80000000000004,577.6039
495.9,531.04425
886.6999999999999,511.79456
117.7,579.7712
445.1,520.4529
490.0,489.94992
598.0000000000001,484.54602
334.7000000000001,512.3333
204.9,489.18085
310.6,431.22714
340.7000000000001,394.4443
901.5,379.9263
639.5,473.88165
426.9,534.536
421.7,543.0411
450.19999999999993,525.1577
329.7000000000001,509.22516
492.4,474.04456
758.0000000000001,472.3293
398.3,531.3221
523.9999999999999,530.4832
371.1,533.3184
533.6,503.1266
345.9,503.34933
179.39999999999998,480.20682
356.6,422.00546
401.79999999999995,394.97864
342.2,393.29205
526.6,386.4844
717.5999999999997,410.40253
633.1,480.83908
473.3,534.2168
558.8,544.56726
247.6,552.6873
542.1999999999998,504.88348
473.6,502.87088
285.1,501.3926
400.90000000000003,465.71683
706.5,447.4029
599.8,492.3199
385.1,528.56476
738.9999999999999,516.7805
398.50000000000006,558.4723
551.7,545.5403
1020.9,549.25146
337.19999999999993,640.77545
753.0000000000001,618.021
371.8,641.76044
379.1,603.97565
539.5,552.0023
421.1999999999999,537.69727
326.50000000000006,518.3059
738.4000000000003,477.9465
314.6,519.53705
290.0,498.65463
835.6,451.55402
513.7,515.4857
222.1,536.44086
390.3,491.3802
184.69999999999996,462.41504
682.0,405.47055
625.4999999999999,442.46973
564.0999999999998,494.32822
488.50000000000006,523.8056
955.5000000000001,533.3394
635.9,619.8475
705.0,649.3487
401.19999999999993,674.0169
758.5,638.3996
443.70000000000016,653.6771
298.8,627.5776
298.50000000000006,559.6959
92.5,494.28433
752.3,404.6224
498.10000000000014,443.92773
407.9,466.6899
218.80000000000004,467.43573
600.7,423.85968
312.6,447.5644
872.8000000000003,431.22244
374.1,512.558
374.4,519.04987
600.1999999999998,498.6598
566.8000000000002,518.0804
380.8,532.6421
286.0,514.5023
510.20000000000016,471.4711
308.0,471.29898
686.2,443.15707
482.3,485.14355
631.5000000000001,497.26666
701.8,532.6592
890.8000000000002,579.8474
607.9000000000002,654.7694
596.8,673.0536
1119.9,670.0033
742.4000000000003,759.6505
323.7999999999999,787.58435
681.6,716.39496
383.9,689.63776
441.6,631.3644
483.00000000000006,581.5329
651.9999999999999,551.22217
2792.8,561.909
2674.0,999.02893
3084.2,1459.1696
2393.7000000000007,1904.0796
1682.9,2110.5518
2418.7999999999997,2078.7754
2766.5000000000005,2144.7969
2735.4999999999995,2292.9517
2860.5,2421.259
2544.0,2545.1084
2134.7,2573.066
2793.200000000001,2470.3018
2617.5,2506.8528
3464.6,2520.172
2525.8,2715.0383
3402.5999999999995,2706.8606
3430.9,2842.6174
1867.1999999999998,2974.0847
2851.8,2748.9614
1924.0,2717.77
2899.200000000001,2533.3088
2817.6,2568.898
2770.4,2611.8772
2444.2000000000007,2643.7
2305.2,2588.8694
3165.8,2512.7427
2747.0000000000005,2615.1956
3172.4999999999995,2642.851
2509.3,2759.5452
2845.8,2710.6624
3999.3,2727.338
2962.8999999999987,2983.3416
3343.4,3002.8796
3272.3,3066.069
2542.6,3105.2756
2783.3,2978.4446
3191.8999999999996,2895.7583
3495.5,2928.6655
2758.6,3034.7
3313.7,2980.638
1889.7,3027.5815
3279.3999999999996,2766.5667
3251.200000000001,2817.1592
2952.2,2894.533
3244.5000000000005,2902.1453
3359.0,2966.1426
3090.1000000000013,3043.69
3119.5999999999995,3045.1135
3213.700000000001,3038.6714
2929.2,3059.4783
2849.3,3012.0945
2521.9,2964.1665
3327.7,2839.6653
3790.4,2903.2205
3897.4,3086.56
3663.7,3269.4873
3123.5,3358.4702
4000.3,3298.4587
3588.6000000000013,3419.296
3027.800000000001,3443.4644
3921.0,3334.77
3485.200000000001,3425.4807
3606.8,3428.4126
3192.700000000001,3440.7507
3071.6,3356.8599
2427.6,3253.7268
2752.4,3035.946
2359.3,2922.335
3127.3,2756.3254
3596.5999999999995,2786.2183
2754.0,2948.5032
1873.0000000000002,2908.4348
2836.2,2669.1733
3086.7,2640.446
3515.4999999999995,2710.7493
3062.9,2878.8787
3103.4,2936.557
2885.5000000000005,2967.605
2509.2000000000007,2943.4956
2724.2,2827.6858
3124.7,2763.5166
2698.8,2815.4424
3814.5000000000005,2794.5967
2583.8,2992.8738
2968.5,2917.981
2127.6,2897.3145
2635.0000000000005,2714.9302
3293.0,2649.6135
2771.4,2757.8574
3568.0,2768.7832
2954.6000000000013,2928.7852
2840.4,2941.0547
3480.8,2909.8408
3179.7999999999997,2999.7424
2766.1,3039.1177
2920.8,2969.396
3027.2,2939.231
3234.6,2936.036
2912.099999999999,2977.4521
3133.2,2955.6858
2395.4,2967.008
2537.3,2832.2324
2842.2,2733.3594
2986.1,2716.4614
3615.800000000001,2753.7583
3482.2000000000016,2931.5725
3468.3,3062.0269
3053.0,3152.4038
2716.600000000001,3123.2126
3778.1,3014.4336
3825.2,3139.724
3018.4,3290.868
3523.9000000000005,3236.8948
2757.7,3272.4807
2081.8,3143.8137
3663.9,2875.2136
3443.4000000000005,2975.6062
769.1000000000001,3066.9841
784.0,2590.7087
837.9000000000004,2129.4878
603.6,1748.2921
537.6999999999998,1416.1456
744.3,1155.2137
815.1000000000001,991.14154
722.0,907.97723
755.2,849.44415
915.2000000000002,793.5978
544.5,788.008
764.9000000000003,757.02496
732.5,752.07886
1038.9,749.8925
907.8999999999999,809.3498
1072.4999999999998,851.39813
938.2000000000002,908.51025
438.2000000000001,934.0506
878.9,852.78564
600.3,836.95416
734.3000000000003,790.5481
805.1,773.193
680.9,777.09875
748.3000000000003,764.73114
661.7,758.4493
787.1999999999998,741.9214
925.0000000000001,746.16064
831.7,784.21594
690.4,812.7317
929.1,798.9729
1132.3,825.1631
1045.0,894.56067
1152.4,946.8984
858.4000000000003,1006.2532
818.9999999999999,999.0649
735.4999999999999,968.0128
914.4,918.6505
1126.3,906.10876
821.6999999999996,948.88184
893.3000000000003,943.083
774.3,934.1328
941.1999999999999,902.3864
993.1,903.2276
1086.0,921.8886
793.2999999999998,963.6014
1103.6,947.5858
905.6,977.27844
1016.2,974.95355
953.5,983.1327
932.5,985.3411
796.7000000000002,979.2462
683.4,947.907
893.6999999999997,891.43616
985.0,877.89185
981.1,896.26086
1233.7999999999995,923.41833
849.7999999999998,991.14453
1054.1,988.12
1118.9,1001.74133
885.8999999999999,1031.3938
1070.6,1015.6536
898.9999999999999,1026.4402
899.9000000000003,1011.0293
945.6,988.36536
790.6,976.55133
837.5000000000001,941.2723
913.2000000000004,911.7061
824.0000000000001,909.0954
984.1999999999999,893.99756
941.1999999999999,908.3617
773.3000000000003,923.4857
519.9,900.9386
980.6,826.768
911.7999999999998,836.56604
1040.6999999999996,856.8522
1025.9,902.38965
947.0999999999999,942.6604
883.7000000000002,957.9799
1026.7,952.4307
939.4999999999999,966.88727
929.8000000000001,969.28064
752.0,967.54596
918.6,933.4895
779.8000000000003,921.592
655.9999999999999,895.3029
644.3,844.5591
807.4999999999999,794.51373
976.5,785.3038
816.5,822.37103
1022.5000000000001,834.1426
880.7,876.2559
791.1000000000001,892.42267
1019.8999999999999,882.738
1021.5999999999999,907.8871
776.4,941.5459
975.2999999999996,925.5627
1000.9,935.21967
1101.1,953.8778
965.8,989.5733
701.5000000000001,1000.19183
784.9000000000003,948.44226
740.1999999999997,906.6085
772.5000000000001,867.68463
1029.5,840.0044
1221.4,870.3084
1395.6,951.5631
1040.4000000000003,1062.2408
916.8,1091.9792
941.9,1068.4265
1027.6,1041.1608
852.4999999999999,1036.9178
690.0000000000001,1004.9719
962.5,941.37463
838.0000000000001,931.3293
644.5,912.8364
906.2,857.6816
994.3,849.82355
908.8000000000001,879.11383
744.0999999999997,897.2392
1032.7,876.459
690.6000000000001,901.66235
505.8,873.74884
770.6999999999997,801.6698
557.9000000000002,775.4976
682.5,731.41644
892.7999999999998,714.40735
1134.1999999999996,744.4507
612.4,829.12854
488.40000000000003,816.8071
656.7,755.72754
989.0999999999999,718.9252
1001.5999999999999,764.25275
1177.9,829.27844
1168.2,917.1867
485.99999999999994,996.83075
662.8,927.00946
361.0,858.6157
562.4,746.0407
835.9,684.9838
764.9,701.1552
662.6999999999998,722.3961
604.9,718.4374
715.5,697.845
744.5999999999997,694.59186
825.5999999999999,703.7765
609.4000000000002,737.6915
640.3,727.1375
1088.6999999999996,714.8348
844.2,785.045
1122.9,819.4483
876.6,890.8176
922.0,913.9713
727.7,927.19434
738.3,897.12964
1072.7,862.3162
580.1999999999998,895.16046
855.6,852.0948
540.9,844.54956
1003.0,785.58167
852.4000000000001,813.2061
758.9000000000003,829.641
622.1999999999998,825.52124
848.7,788.6549
855.0,793.6263
946.4,810.8124
914.2,841.8328
657.5,872.0885
731.3999999999999,842.5842
545.9999999999999,819.4979
891.2,761.6862
899.7,772.3888
1151.3,804.28973
1037.3,884.9982
900.6000000000003,940.05206
1024.4,951.7672
950.3,971.1805
738.3000000000003,976.10516
959.0,938.61426
945.7,935.6278
1001.1,943.5641
780.5999999999997,958.98846
631.3,933.35095
747.1999999999997,869.61334
759.8,830.6711
712.3,809.8899
824.5999999999999,787.39294
910.8000000000001,790.824
607.9,819.67224
347.1,790.2297
871.3,701.2727
650.5,707.2512
1050.8,703.6782
622.9999999999999,772.7718
767.8,768.8965
784.8000000000003,770.5677
807.4000000000001,777.8227
812.8000000000003,788.21985
786.7,798.2259
636.5000000000001,805.1273
1187.7,783.1978
552.8,853.3785
575.5,823.69806
562.9000000000002,768.0217
786.1999999999998,719.5364
1169.9,720.27844
1068.4,809.04034
1198.1,888.34283
601.0,973.8352
726.6,931.6867
806.4000000000001,885.738
583.5999999999998,855.93085
809.4999999999999,804.6111
854.9,795.3079
790.3999999999999,809.5252
1126.6999999999996,813.2572
767.5,873.14813
684.5,873.47955
732.4,838.19574
722.0999999999997,815.3262
720.0,794.581
678.6,777.71063
940.4999999999999,760.2628
872.9000000000003,791.34595
714.6,819.31714
646.3,811.86163
668.8999999999999,778.2299
1011.7,752.89374
663.6999999999998,798.49396
526.6999999999998,790.9394
887.8999999999999,743.07446
548.9,759.4215
532.0999999999998,729.8543
949.1,685.02966
755.6,723.7569
1093.4,746.5527
749.0000000000001,823.20233
1229.4,836.2653
753.1,914.7044
941.9,913.2097
1191.3,923.9415
1010.7000000000004,979.49255
1243.5000000000002,1008.7775
1061.8,1067.9913
1294.1,1085.061
982.7,1135.5103
1013.9999999999999,1121.396
1052.6,1103.2894
1199.0,1088.1451
1199.7,1112.2872
1362.2,1138.9806
1396.8000000000006,1190.6266
801.5,1248.982
1212.5999999999997,1179.8071
578.3,1170.7018
1085.7,1055.9421
1109.9,1033.7417
941.3000000000001,1045.5063
994.2000000000004,1032.2421
941.1999999999996,1022.67444
1071.3,1006.43256
1167.4,1014.17584
1017.3,1046.0481
912.5000000000001,1056.7428
983.0999999999996,1032.1134
1404.1,1024.4158
1130.6,1095.3224
1502.2,1124.6113
1218.2999999999995,1210.0804
1158.0000000000002,1238.2247
1451.0,1234.4711
1319.2000000000005,1277.739
1460.9,1299.4937
881.8,1341.0055
1357.5,1268.2725
828.9999999999999,1269.4448
1341.6,1184.5037
1018.2,1195.4401
1367.7,1163.4297
1199.5999999999997,1197.5697
1172.9999999999998,1210.4097
1168.2,1206.2007
1182.7,1199.758
1398.3,1194.5746
793.6999999999997,1239.4167
1082.2,1165.3964
807.8000000000003,1135.9222
1137.8,1064.258
1100.4,1062.8485
1368.6999999999996,1069.4243
1124.6,1131.8031
1071.0,1150.3248
1172.1,1142.5149
1606.2999999999995,1148.0012
1065.1,1237.9102
1440.7,1236.5222
1152.6,1277.4791
1147.7,1270.4227
1010.7999999999996,1246.2534
743.6,1197.5995
1002.8,1097.6523
1128.2,1055.2423
922.9,1060.7681
992.9000000000001,1038.376
1240.5,1020.90094
882.2999999999998,1063.2264
740.9000000000003,1039.5074
1162.5,979.4255
840.8000000000003,998.8345
1324.0,978.28217
974.8000000000001,1044.2886
1068.0,1051.9525
1249.4,1058.8301
1087.3,1101.795
1042.4999999999998,1114.0605
1218.6,1104.3143
856.1000000000001,1129.0614
1240.5,1089.5931
810.6000000000001,1107.7225
876.9,1062.1742
1157.1,1013.0583
822.6000000000001,1031.495
1308.6,999.73975
997.8000000000001,1050.323
1504.7999999999995,1058.2024
838.7000000000002,1149.3757
1148.8000000000004,1116.2189
1023.1,1118.7864
1427.1,1101.1276
1077.4999999999998,1165.3547
854.9,1170.3741
1039.3,1112.6869
1061.8,1088.4641
1165.0,1075.8702
1105.2,1094.3583
1122.1,1099.6233
926.1,1112.8602
1018.5,1081.9412
731.9,1064.7909
1214.6,995.45795
1215.5,1021.4306
1167.0,1071.4911
866.6000000000001,1106.2864
770.8,1073.0493
1338.1,1007.7379
893.1,1054.6669
1107.8000000000004,1039.8145
1520.2,1053.0983
919.0,1149.4738
993.6,1138.5062
1163.8,1107.4183
803.0,1111.2166
1386.9,1056.027
923.9000000000003,1109.2253
1331.1,1094.3154
1492.4,1134.2303
1250.9,1220.7178
1394.6,1252.0851
1308.7999999999995,1286.4487
1488.8,1306.5663
1284.1,1350.7544
1407.3,1351.4254
1504.2999999999995,1369.2545
1226.9,1399.162
1234.7000000000005,1379.9767
1418.0,1346.9185
1455.9,1351.8965
1443.1,1376.8428
1727.6999999999991,1397.2544
1377.3,1469.79
1859.0,1470.3118
1203.4,1550.0891
1319.2,1502.8053
1308.8,1455.3226
1387.2000000000005,1417.8854
1334.3,1404.6753
1736.9999999999998,1388.2621
1634.8000000000006,1453.366
1537.2,1507.1346
1219.1,1524.995
1663.8000000000006,1472.679
1383.6,1492.8292
1466.9,1481.6652
1357.4,1477.6298
1650.8000000000006,1455.2417
1529.0,1489.1368
1269.1999999999996,1507.8247
1826.2,1463.6725
1616.6999999999996,1523.792
1505.8,1557.987
1480.4,1560.5491
1448.5,1543.3411
1005.1,1522.9392
1598.0999999999997,1417.5886
1644.9999999999998,1427.4904
1792.6,1471.2274
1585.5000000000007,1547.215
1599.1,1577.5691
1599.6999999999998,1585.9019
1491.7000000000005,1591.2551
1499.5,1573.9523
1292.2,1555.901
1411.6,1500.9187
1396.4,1475.509
1370.2,1451.3671
1193.8000000000004,1429.1277
1440.7,1375.9518
1557.0,1375.6552
1222.4,1411.026
1520.9,1383.7053
1544.3,1404.5669
1364.4000000000003,1437.8585
1973.9000000000003,1435.1366
1124.7,1541.3793
1337.1,1487.8428
1508.9,1446.7075
941.5,1451.3727
1087.0,1353.8136
1472.4,1276.3778
1168.0,1297.393
1172.5,1277.6028
1501.5000000000002,1252.4945
1533.8000000000006,1296.2633
1199.0000000000002,1349.0485
1467.3,1340.5178
951.0999999999997,1363.6199
1475.3000000000006,1289.515
1379.4,1312.1755
1465.3000000000006,1334.0212
1370.3000000000004,1364.7606
904.6,1378.1698
1495.4,1293.0629
1216.4,1308.4283
1197.3,1294.8363
1372.1,1276.5109
1254.7,1289.7523
1237.5,1293.046
1368.6,1281.7828
1142.8,1297.3042
1206.3000000000004,1271.9772
1187.2000000000005,1254.2104
1643.9,1242.9241
1220.9,1315.7877
1156.6,1320.4891
1205.4,1292.8126
1754.6000000000001,1268.965
1280.7,1359.6609
1187.1,1370.6544
1317.2000000000005,1339.0457
1332.6999999999996,1330.1797
1322.7,1330.5209
906.4,1331.9701
1600.0999999999997,1248.0991
990.4,1297.6848
1694.2,1254.8833
1144.7,1331.1567
1287.3,1311.7695
1317.8,1305.9312
1281.2,1309.5415
1108.6,1306.1993
956.7,1268.7334
1306.6,1200.3484
1302.6,1208.2324
1377.4,1225.6176
1420.0000000000002,1266.4596
1278.6,1303.5381
1117.7,1313.7751
1315.9,1279.8279
1124.5,1279.0392
993.7000000000002,1251.0121
1063.5,1197.8174
1316.1,1162.1874
860.0999999999999,1182.2585
795.0000000000001,1128.0797
1021.4,1050.3307
817.9000000000004,1023.15765
842.1999999999997,978.8426
867.5,943.46985
1254.7,919.0917
819.4000000000003,979.0136
903.6,969.8862
840.9000000000001,956.6707
1013.0999999999999,930.5053
1347.3,944.2975
1351.2999999999995,1029.8667
1289.6999999999996,1117.9414
778.0,1180.7755
1141.4,1125.0339
723.4000000000003,1116.2925
1015.2000000000004,1038.962
853.2000000000002,1018.7319
1126.3,985.35474
1181.9,1007.33923
1238.5,1049.7008
870.7,1097.4926
1052.9,1068.4529
1101.4,1058.5369
859.0999999999996,1070.7528
1222.8000000000004,1034.6145
1287.0,1067.1163
971.6,1120.575
1087.3,1112.1521
884.1000000000001,1106.264
751.2000000000003,1064.0721
1328.6999999999996,994.1301
892.1,1043.5151
1206.2000000000005,1031.2189
1070.3,1063.4928
1069.1,1079.2968
1026.4,1081.9457
879.8,1073.0706
977.7999999999998,1038.509
1155.8,1019.1455
991.6,1044.6478
970.2999999999995,1047.4849
1126.1,1032.1078
1024.5,1051.5195
1217.4,1052.3988
986.0,1087.5546
1096.2,1080.8677
916.6,1085.0891
990.0000000000001,1058.8549
1153.5,1041.2344
1379.0,1059.159
1408.6,1129.8938
1017.6999999999999,1207.1849
1605.4,1193.8015
1120.7,1273.4243
943.6999999999996,1266.4943
1119.3,1207.2441
1345.5,1176.4109
1023.9000000000004,1205.5054
1061.0,1182.3135
754.3,1154.7605
954.6999999999999,1070.9384
843.1999999999997,1025.6854
838.9999999999999,983.35645
1279.7,940.6449
1064.0,997.4834
1033.2,1031.1464
1028.4,1042.644
859.0000000000001,1042.8615
944.9,1012.18713
1192.4,992.9523
1090.1,1031.5554
1132.8,1056.4891
1038.2,1082.9218
934.2,1086.153
1014.8,1057.4607
929.3,1044.8553
888.5,1022.45386
1195.9,993.6813
785.3,1028.8816
967.6,996.0697
1009.9,981.87146
1079.8,986.12054
1164.9,1007.2516
1030.1,1046.693
1611.2999999999997,1058.737
1122.2,1171.1776
1000.9,1196.8799
869.7,1170.5175
1154.9,1106.2611
1352.0,1103.9917
1210.8000000000004,1154.0979
971.9000000000001,1182.4741
1310.6999999999996,1152.7406
825.1999999999997,1176.8505
992.3,1120.1823
1009.5,1076.6919
703.2,1056.366
1096.9999999999998,987.6671
873.8000000000003,993.36115
1221.6,973.611
1159.6,1015.1903
1099.4,1057.2281
1107.5,1081.5562
790.5,1092.8309
1712.5000000000002,1044.7795
861.8,1161.8986
1318.3,1140.0703
1120.4,1174.9017
875.1000000000001,1175.0812
1011.0000000000001,1123.0392
909.0,1087.4463
892.7,1046.1342
827.7,1008.32837
630.4000000000002,965.95746
1283.5,896.5808
526.7,943.78864
724.8000000000003,887.11816
855.2999999999997,838.16315
843.6000000000001,829.6903
982.8,834.5511
769.5000000000001,865.8773
975.7999999999997,860.6244
662.0,883.87305
743.8,852.9224
732.1000000000001,828.79706
1083.4,801.0867
1022.0,855.15094
1162.6999999999996,906.4298
1205.9,973.0341
554.8,1040.3864
894.4999999999999,969.62695
436.8,939.678
1003.4000000000001,838.6428
767.7,845.7334
786.3,837.86194
944.4,830.4125
1167.8999999999996,850.1828
763.5,919.108
1005.6,910.707
1006.3000000000001,926.8327
790.6999999999997,955.0425
835.9,933.8893
1183.0,917.5636
949.9000000000001,963.37585
1396.1,979.7931
927.9999999999999,1068.3608
898.5000000000001,1069.34
1156.9,1037.8307
866.0,1057.8358
1175.4,1029.1094
740.0999999999997,1051.8947
1082.6,1004.8368
594.4000000000002,1010.0685
906.9999999999999,933.57947
899.3999999999999,910.50586
960.4000000000001,900.257
1027.5,914.30347
822.8999999999999,943.6296
1005.4999999999999,929.9435
915.0,945.0869
1038.6,944.0364
761.4,968.10333
900.8,936.7012
729.7999999999997,928.30725
1272.0,890.5015
928.4,955.2897
1203.2,972.16705
1120.6,1023.35046
983.2000000000002,1061.5614
1113.8000000000004,1059.4764
1224.1999999999996,1073.1296
839.5,1108.2279
1146.6,1072.8577
1138.7,1080.1193
1010.2,1099.37
887.5,1087.0115
778.8000000000003,1050.8583
970.9999999999999,989.6401
942.1000000000001,971.2255
748.5,964.5122
1047.1,923.6453
970.2,936.07465
729.1999999999997,952.15173
670.8,915.239
1042.4,860.1764
830.1999999999998,881.425
1215.7,882.3595
1035.7,950.501
808.5000000000001,988.69196
1311.8,968.64374
791.7,1033.3822
922.5,1007.2399
1143.8,986.90796
933.2,1016.74255
1497.4,1015.0644
742.6,1108.2664
785.8,1069.9937
1007.3000000000001,1005.0027
977.0,990.2861
1544.8,989.1445
1161.0000000000002,1094.348
1425.4999999999998,1143.8286
848.9999999999998,1215.1313
863.5000000000002,1165.6625
885.6,1098.7769
975.8999999999999,1036.7535
1285.9,1015.9625
986.8,1066.4844
855.8999999999999,1068.2961
1093.1,1032.061
863.6,1030.3646
1077.9,1002.10406
922.1999999999999,1007.4828
765.3,999.5947
963.3000000000001,956.8522
667.1,949.28577
1163.0,896.78174
1052.9,931.3326
843.3,969.20087
1035.3,960.69495
666.2000000000003,973.3758
1276.5,923.7897
753.1,977.4411
1008.6,954.7961
1348.7000000000005,963.36163
746.4,1041.7731
857.1999999999996,1014.5732
1043.4,976.36224
815.6999999999997,981.0931
714.0,956.245
818.3999999999997,905.1417
1138.1999999999996,880.55176
433.40000000000003,920.5379
703.1999999999997,847.78516
912.7,800.0158
640.4,805.7577
617.1999999999998,783.7521
870.6999999999997,748.60315
1001.2,761.90106
590.6,815.72876
745.5,794.1994
616.3,781.0419
678.3999999999999,746.0721
923.0000000000001,731.85486
1047.2,766.2218
933.1,831.5657
646.1,876.0367
890.5000000000001,850.5157
674.8,852.0719
743.6000000000001,821.0773
770.2,804.1027
515.8000000000002,796.05225
684.3,746.85925
865.5,724.1726
682.5000000000001,745.5419
682.0,741.7813
711.1999999999997,732.3306
696.6999999999997,731.0642
995.5,725.77136
719.1,779.8636
635.8000000000002,788.2889
678.2,765.37396
611.4,748.3384
782.3,720.96515
695.5999999999997,726.16034
775.3999999999999,727.2282
674.5,740.5887
798.2,736.05774
904.6,750.2045
653.3000000000002,784.1608
536.9,775.0227
1036.7,732.28906
917.6,780.13116
604.0000000000001,825.84265
953.6999999999999,800.54565
624.4,825.971
608.7,799.2558
826.5999999999999,760.1867
510.8999999999999,763.7205
538.4000000000002,720.23035
701.4000000000003,678.46497
795.6,675.5175
785.2000000000002,696.67474
816.4,722.859
930.8000000000001,754.16
571.8,797.2257
808.2000000000002,773.762
635.6999999999998,777.288
744.2,754.1322
651.4,751.8887
816.1999999999997,737.5215
709.0,751.13586
791.5999999999997,750.54456
596.1999999999998,761.4927
904.0999999999999,737.0368
737.8000000000003,762.63434
623.9999999999999,772.4603
842.3,749.6822
776.4,765.1844
621.1999999999998,775.3842
826.0999999999997,754.3724
689.4000000000003,763.7731
728.3000000000003,757.3591
1041.5,752.93365
817.0000000000001,811.5372
866.5,831.64996
869.0999999999997,848.6536
813.5,862.6938
573.5999999999998,859.8679
785.3,809.3979
595.4,795.1183
943.0,756.2739
733.0,784.5216
685.9,787.63806
580.9,769.91626
769.4,733.5904
842.1999999999997,731.85675
693.6000000000001,755.1366
930.6999999999999,754.2843
967.6,792.91504
596.1,840.04333
886.8999999999999,813.8777
690.5,820.3171
874.3,802.98236
1277.6999999999996,815.6027
835.0999999999998,912.6626
947.9000000000001,929.68353
537.1999999999998,941.0117
871.3,873.4449
924.6,854.6622
615.3000000000002,865.20905
725.4000000000003,828.5442
741.7,800.0234
1066.4,786.09094
638.1,837.25824
980.6,814.0677
797.9000000000001,843.6147
688.3,846.0502
963.5,824.24603
738.2,845.4549
715.1,834.42993
762.5999999999997,814.9459
551.8999999999999,802.91516
1047.1,756.439
555.4,797.2118
834.5,771.2643
960.4000000000001,775.6425
1138.4,816.26227
1163.8,894.23395
663.3,969.69794
821.1000000000001,938.5303
990.0999999999999,911.3131
885.6,922.1392
765.0,925.2063
954.5,896.0927
943.6,906.4714
815.0999999999999,919.3128
904.0999999999999,905.911
879.0000000000001,902.5782
953.3,898.6926
988.6,915.06085
897.5,936.9932
948.3,937.9544
871.8000000000003,944.09607
1028.6,937.06067
1154.3,954.5681
979.3,1001.0284
1080.3,1015.00244
834.1000000000001,1034.5391
895.2000000000002,1005.9011
1013.5,979.53345
815.7,981.3332
830.0,954.74963
970.9000000000001,926.5414
977.7,930.9167
1275.4,943.2806
1039.8,1011.59125
1109.8,1040.4854
1010.9,1063.7777
839.6999999999998,1065.3754
893.8,1026.2875
944.5,992.3208
1020.0,978.7426
782.9999999999999,987.02496
1055.8,953.6237
1178.5000000000002,966.4515
1006.8,1010.6178
847.3000000000003,1026.4497
1187.4,998.78357
1227.6,1029.9606
784.0,1081.6588
1294.1,1043.18
939.4000000000001,1083.2981
906.6,1069.989
840.4999999999999,1040.7974
747.5,996.0512
854.9999999999999,937.63007
716.2,908.8658
968.0000000000001,869.11865
1016.3,876.2161
1060.6,906.2532
989.8,950.6448
867.0,969.40845
852.4999999999999,960.0011
894.3,940.24554
1013.8,929.8519
910.8000000000001,947.6936
941.6,949.3599
1072.6999999999996,953.76245
910.6000000000001,979.63586
921.7,976.66296
1166.9,967.60004
899.1999999999999,1006.1766
789.4000000000002,1001.3969
961.8,963.7587
942.0,955.84247
1047.6,953.4017
1093.3,974.70575
858.7,1006.7721
652.8,989.7864
923.7,925.35547
859.0000000000001,909.37067
1246.0,896.0765
998.9,963.50525
1103.3,994.7672
709.2,1026.7046
1046.0,978.9173
678.8000000000002,979.6847
1007.9,925.25616
1023.7,929.7475
1063.4,955.2967
953.0,985.6322
963.3999999999999,992.4074
837.1999999999997,988.34265
856.6999999999997,962.5084
903.2,936.65405
954.8000000000001,929.4147
918.8,933.2793
1082.3,938.4674
905.9000000000001,968.665
843.4,968.23944
1069.3,946.6367
950.5,967.2024
1079.8,973.17084
922.6,999.7081
972.2,996.53
483.50000000000006,994.3265
317.99999999999994,900.43665
348.5,767.35785
1037.6,650.6853
1365.4,691.0341
927.8,835.7171
1067.1,897.14417
1203.4,950.03674
928.5,1014.6152
1095.3000000000004,1020.20355
926.7000000000002,1038.4413
636.2,1030.708
742.0,962.0164
913.0,907.65393
1204.6,892.56506
535.2,946.8763
972.9999999999999,890.7049
3056.8,891.0062
3699.2,1315.4471
3317.4000000000005,1916.1089
3141.1,2343.134
2652.4,2600.59
2836.0000000000005,2664.3687
3535.2,2713.9226
3655.500000000002,2895.0596
3173.0000000000005,3082.7332
3020.8,3134.4282
2522.300000000001,3115.4768
3396.1,2961.9634
2836.2,3003.8325
3872.8,2952.8718
2648.9,3125.0757
3467.8,3033.2532
3424.0,3097.14
2510.9,3149.85
2918.1000000000013,2997.3357
2789.200000000001,2938.6953
3007.4,2877.9727
3332.6000000000017,2883.1484
3681.1000000000004,2957.4229
3528.8,3110.0845
3581.3999999999996,3195.9082
2956.4,3278.224
3216.300000000001,3193.9785
3339.6000000000013,3162.707
3663.4,3179.5132
2912.7999999999997,3265.1262
3842.5,3182.3608
3423.4,3293.251
4139.4000000000015,3309.82
3011.7999999999997,3466.0864
2886.1000000000013,3358.7983
3324.7999999999997,3217.1172
3314.2000000000003,3197.753
3150.9000000000005,3194.7104
2744.2000000000007,3161.6082
3724.000000000002,3042.4023
2515.100000000001,3153.6936
3502.800000000001,3004.4724
3577.1,3068.915
2984.6,3156.2336
3079.3999999999987,3115.8945
4041.4,3085.1458
3338.3,3262.9895
3626.6,3279.3174
3362.5,3336.7004
3766.0999999999995,3329.7202
3124.3,3393.2456
2896.6,3325.366
3463.3,3196.4092
3821.6,3207.902
3552.5,3321.0217
3856.4000000000005,3364.3105
3174.8,3445.8782
3687.5000000000014,3372.0408
4330.9,3402.4294
3504.3000000000006,3581.4915
5553.900000000002,3552.5344
4017.6000000000004,3971.5823
3171.4999999999995,3986.3708
3140.4,3773.9294
2831.2,3572.0796
2976.700000000001,3351.3074
3181.700000000001,3207.1697
3461.1000000000013,3157.7886
3342.9,3188.954
4041.9,3195.3384
3235.4,3358.597
2856.9999999999995,3307.2393
3126.0,3178.5557
3433.5,3127.021
4300.0,3161.7766
2934.0000000000005,3395.4963
3378.8999999999996,3304.1123
3863.0000000000023,3287.2188
2823.5000000000005,3381.007
3762.0999999999995,3246.998
3848.6,3309.432
4090.7000000000003,3409.9392
3942.1,3551.1956
3359.1,3627.7212
3015.7999999999997,3547.7156
2934.5,3384.5845
2716.2,3243.236
3466.6000000000004,3082.8486
3215.6000000000013,3111.799
4120.5,3121.5488
3719.7000000000003,3313.6533
3882.1,3399.5886
3481.300000000001,3486.2102
4636.3,3463.8801
3357.8,3692.4915
3188.8,3614.8318
3953.5,3488.9314
3708.000000000002,3548.9084
3779.8000000000006,3556.97
3351.4000000000005,3580.0447
3111.7,3495.8354
2793.2,3371.8254
3071.9,3199.033
3069.8,3121.1458
3470.8999999999996,3061.7346
3837.3000000000006,3121.3225
3860.300000000001,3264.5378
3206.4000000000005,3384.8071
3862.000000000002,3335.613
3686.7,3415.222
3908.6,3456.608
3137.1377719340185,3535.9822
4229.499999999999,3435.3843
3684.500000000002,3571.022
3105.9000000000005,3582.6301
2619.7000000000007,3451.2004
2947.6,3223.5874
772.9000000000003,3101.3208
716.1,2579.9695
928.5,2085.3262
578.6,1727.6661
506.3,1400.0145
783.9,1136.9272
746.6999999999997,975.884
595.1,876.338
675.8000000000002,787.57635
759.5,735.0382
510.0,712.4466
758.8,681.7909
572.3,690.37274
824.9000000000003,672.50476
753.3,701.4231
1087.9,725.47894
823.8999999999999,802.783
528.1,833.7594
727.0999999999997,790.702
470.4,769.2026
583.0,710.45154
508.90000000000003,675.08795
602.6999999999998,636.01074
591.1999999999998,623.3903
642.8,615.4396
580.9999999999999,621.7089
680.8000000000002,615.5234
768.6,629.45013
598.1,665.57007
632.5999999999998,666.3578
719.2,666.13153
808.6999999999997,679.55206
947.2,712.99963
591.0999999999998,771.02594
714.9000000000003,759.357
564.6,751.0199
552.4,718.66144
815.0999999999999,681.27814
653.9000000000002,697.8146
736.7,700.3953
535.6999999999998,711.94257
585.5,685.9315
879.2,661.6471
722.1999999999997,696.249
544.0,718.11005
809.0,695.12683
786.4000000000001,714.32947
778.6,738.6503
763.3000000000003,755.31116
706.4,766.6792
708.4,761.9986
628.6,756.40314
891.0999999999997,735.3037
683.3000000000002,759.47675
967.0999999999999,757.4027
1038.9,801.8849
837.9,862.2636
751.9000000000003,879.2118
698.5000000000001,863.7294
691.5999999999997,831.86224
748.6,800.5471
838.8999999999999,785.7627
783.2,796.65204
899.8,799.43616
632.7999999999997,824.5321
723.5999999999997,797.3165
645.8,776.7618
727.3,750.31757
729.3,742.15466
790.6000000000001,741.74756
612.1,754.9747
499.29999999999995,735.7876
750.7,688.3898
817.0999999999999,688.93134
1093.6999999999996,715.39124
561.4,800.3029
849.9,784.339
904.8,795.8971
963.1999999999999,823.37274
691.6999999999997,861.8978
877.1999999999999,844.58496
681.3999999999999,850.98615
777.8,827.2878
618.2,813.7016
501.1000000000001,776.4537
620.4,714.28314
747.0999999999997,685.3523
795.6,689.961
676.0999999999998,713.792
719.0,715.98676
720.0,722.16327
668.3,725.3264
731.8,720.4139
643.1000000000001,723.7743
662.4000000000002,714.8681
811.8000000000003,707.92926
1095.6999999999996,729.0332
852.5999999999997,807.6135
660.8,842.8709
712.5,823.566
597.9,800.407
530.4,759.56995
473.50000000000006,709.0561
641.9,653.4816
807.6,639.00555
650.5000000000001,670.34283
836.8000000000003,678.9184
712.4,710.6305
913.4,724.48785
853.1,768.7018
655.1,801.3372
583.8,788.59155
723.4000000000003,751.5609
756.6999999999997,740.6976
551.9000000000002,744.2496
625.0000000000001,712.1704
739.5999999999997,691.0243
1002.9,695.8456
1020.2,759.5029
1269.8999999999996,829.6461
845.8999999999999,937.24866
759.4999999999999,956.4105
1004.7,929.71857
998.4,939.526
790.1000000000001,957.7644
1087.3,938.05414
1157.1,965.53784
906.2999999999996,1014.33026
1149.8999999999996,1009.62805
876.3000000000004,1037.6906
926.7000000000002,1015.11237
1031.7000000000005,997.65045
1230.6,1004.11646
1094.3,1051.3065
733.4,1076.2606
1011.2999999999998,1023.58636
828.8,1007.1887
986.1000000000001,970.53
897.1000000000001,967.74567
990.4,954.7007
1127.1,962.82404
982.4000000000001,999.80383
897.0,1009.53613
863.8000000000004,991.4381
950.4,964.85443
1035.0,960.7005
993.4,975.3375
1012.5,988.0698
1270.1999999999996,998.79114
1329.0,1057.8435
786.3,1129.4666
954.6999999999999,1085.567
958.3,1051.8958
911.1,1028.6642
871.4,1004.0418
1024.5,975.0794
1180.0000000000002,978.7681
937.6,1021.78174
932.8000000000001,1021.16956
1137.1,1004.2418
1025.6,1025.2134
792.4000000000003,1038.232
1245.1,997.8544
958.3000000000003,1036.5854
1074.1,1036.8346
876.5,1048.1812
956.4,1021.0912
925.2999999999998,1002.2272
871.8000000000003,986.86206
1256.0,964.2457
1031.1,1014.5772
1002.0,1035.7832
1243.6,1040.8611
1064.8,1080.4645
1209.9,1093.3561
1280.8000000000004,1121.4492
990.0999999999999,1164.8835
1409.5,1146.6925
1306.9,1196.2296
992.9000000000001,1235.8652
1169.4,1200.1984
735.1,1188.7495
1010.9,1102.6598
940.2000000000002,1061.7255
1001.0,1031.0448
1106.5,1018.2001
1073.9,1032.7572
1020.2,1049.5978
1064.1,1047.4685
1086.5,1051.5797
1051.4,1063.981
1334.3,1066.346
761.3000000000003,1125.3082
1207.7999999999995,1074.388
1231.4999999999998,1089.3108
1120.7000000000005,1123.9303
1225.0,1135.3013
1184.5,1158.7662
1003.4999999999999,1173.7604
1111.1,1148.1024
1063.9,1136.6196
859.4,1122.822
1030.2,1068.8029
934.5999999999999,1053.7021
1022.2,1026.9565
913.4,1020.2326
848.5000000000001,1001.112
1221.1999999999996,967.93866
1201.1,1008.63245
1038.1,1061.1952
1157.6999999999996,1073.596
883.2,1095.9877
1044.1,1066.6309
1180.0999999999997,1056.1173
1113.0,1080.9728
1149.7,1097.0134
1207.3,1116.0664
926.4,1143.6221
755.8,1110.0465
762.7,1035.2649
1133.5,965.92755
1319.3,979.38586
1030.5,1053.924
1231.0,1073.0732
1140.6,1110.098
1158.4,1129.0212
1239.8,1141.9407
1087.3000000000004,1165.9286
878.0,1162.5248
1110.6,1112.9746
1184.1,1103.5792
1112.5,1117.5077
687.4,1121.2068
1061.8,1044.2853
3248.6000000000017,1026.464
3326.5000000000005,1462.4542
3271.4000000000005,1954.3962
3129.6000000000013,2338.8147
2741.7,2584.6199
2708.1,2666.5308
3670.9,2689.0396
2648.300000000001,2898.454
3050.1,2876.4712
2848.6,2914.515
2726.8,2903.105
3451.2999999999997,2840.0713
2610.7000000000007,2939.8484
2899.2,2866.4675
3024.700000000001,2845.7996
2945.4000000000005,2865.6492
2704.8,2871.5203
2501.9,2813.696
3003.0999999999995,2727.96
3303.1999999999994,2753.5535
2720.0,2859.6333
3267.7,2834.694
3484.9,2902.4487
4226.299999999998,3025.1511
3062.200000000001,3286.6467
2965.4,3253.2893
2994.8,3169.26
2502.7,3100.1304
3361.6000000000013,2946.2039
3018.0,2989.9111
3259.5,2980.1533
3403.1000000000013,3025.6404
4072.8,3092.2576
2410.7000000000007,3291.66
2498.1,3098.8423
3043.0999999999995,2928.0178
2818.1,2903.8438
2634.1,2862.3628
2937.5,2796.6836
3117.8,2794.641
3111.2,2847.212
3051.0,2893.6501
3464.3,2915.2935
2489.9,3009.3577
2432.3,2904.5024
3565.5,2776.24
2998.0,2901.8389
3039.2,2926.1233
2942.5,2942.7166
3146.6999999999994,2928.1113
2705.6,2953.5774
2334.8,2886.5059
2544.8,2743.208
2937.9,2655.8508
3134.5999999999995,2689.5752
2798.3,2778.937
3103.200000000001,2776.7437
2923.1,2832.6174
3746.2000000000003,2844.3884
3385.6,3023.6853
4257.9,3108.7395
3375.8,3356.867
2651.0,3377.5469
2869.2,3207.3042
2342.4999999999995,3088.0154
2621.8,2888.2925
2569.1,2783.3542
3392.700000000001,2701.5425
2664.9,2819.3013
2703.3,2783.28
3076.700000000001,2745.167
2739.2000000000007,2780.7888
2412.4,2761.1367
2767.4999999999995,2674.6494
3498.4,2664.008
2068.8,2829.153
3047.6,2684.3943
3176.7000000000003,2725.999
2503.100000000001,2805.7212
2803.4000000000005,2744.9478
3005.8,2734.7754
2223.3,2772.1003
2320.4999999999995,2651.2256
2762.2,2552.4604
2390.8,2563.2646
2093.4,2509.2666
2137.6,2412.13
2403.4,2320.9312
2422.6,2304.9263
2693.3,2319.3833
3184.5000000000005,2388.5923
3239.3999999999987,2555.5613
2717.7,2725.5916
3410.8,2745.209
2858.8,2876.1855
2609.9,2882.007
3252.5000000000005,2817.8984
3151.4,2888.7922
2914.700000000001,2942.0906
2412.4999999999995,2933.144
2931.0,2807.5066
2507.5,2793.1301
2394.8,2711.3445
2886.0,2619.9285
3031.2,2639.1248
3420.6000000000017,2712.5105
3489.6000000000017,2865.085
2524.7000000000007,3004.6653
2810.7,2907.7178
3131.9,2856.9104
3035.2999999999997,2893.523
2151.2000000000007,2911.0571
3255.5,2743.3623
3046.6,2812.0764
2600.7,2854.8281
1870.8,2793.0974
2664.8,2572.1067
1459.2,2531.556
2158.8,2295.2864
1437.9255424191683,2208.3618
1176.9,2019.9728
1574.9,1800.5294
1811.6,1702.799
1458.8000000000006,1685.0441
1959.1000000000001,1627.4261
1463.4999999999998,1674.581
1849.2,1645.3245
1687.6999999999991,1668.5981
1654.8999999999999,1683.3446
1518.5,1674.8915
2034.0,1645.7708
1545.4999999999998,1719.8552
1398.5,1701.6943
1461.5872568360262,1635.6594
1926.5000000000002,1587.4329
2072.5043738049712,1637.9904
1589.4118631906244,1740.0142
1928.4999999999998,1731.7443
1572.2000000000005,1769.5066
1972.0,1738.5981
1676.9,1778.9376
1836.2000000000005,1762.823
1413.0040352421345,1776.0774
1434.2955034680697,1709.1848
1562.1906848659005,1639.8134
1258.4,1603.2827
1625.8377719340183,1522.8846
1893.7000000000003,1525.0935
2314.1,1595.124
1087.9,1758.1681
1529.2000000000005,1660.4846
1744.0999999999995,1611.9896
1443.6,1622.8518
1547.5999999999997,1593.0076
1207.3,1578.1016
1406.6999999999994,1501.7103
1163.4,1467.5272
1786.2,1398.0739
1992.8817116901744,1453.0747
1668.1000000000006,1567.4263
1321.2999999999995,1624.6573
1362.2722697437632,1578.2867
1755.9000000000003,1522.346
1325.3,1555.9246
1794.6906848659007,1518.976
1494.1,1568.4019
1715.3,1566.802
1124.5,1600.2092
1606.2,1511.6877
1555.5,1504.3083
1548.3000000000006,1513.0474
1287.4,1525.813
1347.2,1484.1797
992.6,1444.3091
1583.6,1350.0377
1901.8000000000002,1367.2582
2235.3,1478.8218
1586.5999999999997,1656.314
1902.0999999999997,1691.6056
1651.7,1740.6681
1405.9,1734.5212
1741.5,1668.2382
1287.3,1669.4521
1344.4000000000003,1595.8577
1416.1,1534.348
1783.0000000000002,1493.6569
1901.4000000000003,1537.2384
1287.6,1614.9866
1557.4,1572.8042
1511.3,1556.265
1890.4999999999998,1543.5112
1502.0999999999997,1611.1938
1848.1999999999998,1604.1705
1967.4,1655.128
1825.4,1731.2734
1211.6999999999996,1769.5073
1617.4,1665.9231
1392.0000000000002,1628.4279
1403.2,1576.6923
1591.6,1529.2764
1303.4,1530.6342
1465.9,1483.3911
1288.6,1470.5682
1450.8000000000006,1428.8544
1714.4,1419.4924
1310.5,1473.9474
1583.0,1461.2336
1534.9,1480.3176
1449.7,1498.1259
1547.1,1494.587
2030.9,1503.3395
1606.0,1613.1086
1764.7,1639.1453
1986.9,1673.7762
1857.3,1744.8551
1372.1,1782.3152
1380.6,1713.5424
1033.5,1630.4447
1532.9,1493.5675
1553.2,1467.6035
1575.4,1478.0215
1598.6,1495.6738
2361.6,1522.6135
1726.8,1694.9443
1570.1,1739.0995
1725.2000000000005,1715.3456
1533.7000000000005,1714.595
1405.5,1679.5703
1426.3,1622.3435
1395.0,1568.3005
1642.9,1521.2169
1065.7,1533.6859
